Workbook

Sheet Guide
B1: HR Workforce Analytics - Excel + Power BI Project
B2: What is this? | C2: Synthetic HR data for 3,000 employees analysed end-to-end in Excel, then handed to Power BI.
B3: Sheets | C3: Raw Data -> Clean Data -> Insights -> Dashboard. Review in that order.
B4: Raw Data | C4: As-collected file: duplicates, blank salary/department, gender typos, salary outliers, age typos.
B5: Clean Data | C5: Quality fixes applied; derived columns use live Excel formulas (IFS). Exported as Excel Table tCleanData for one-click Power BI import.
B6: Insights | C6: Pivot-style summaries built from SUMIFS / COUNTIFS / AVERAGEIFS + native Excel charts.
B7: Dashboard | C7: KPI cards, charts and findings for the HR manager.
B8: Power BI | C8: Power BI-ready star schema (DimEmployee, DimDate, FactEmploymentEvents, FactCompensation) sits in data/powerbi/. See powerbi/PowerBI_Build_Guide.md.
B10: Cleaning log | C10: 3010 raw rows scanned -> 3000 clean rows. What was fixed:
C11: * 10 duplicate employee rows removed
C12: * blank SalaryAnnual rows removed (unusable for compensation analytics)
C13: * blank Department rows removed
C14: * 'Unknown' + lower-case Gender values normalised; bad values removed
C15: * salary outliers (>$500k) excluded
C16: * Age typos (200+) excluded
C17: * derived columns AgeBand, SalaryBand, AttritionStatus added (live Excel formulas)
B19: Headline numbers
B20: Total employees | C20: 3000
B21: Active | C21: 2381
B22: Attrition rate | C22: 20.6%

Sheet Raw Data
A1: EmployeeID | B1: Gender | C1: Age | D1: MaritalStatus | E1: Education | F1: Department | G1: JobRole | H1: JobLevel | I1: OfficeLocation | J1: EmploymentType | K1: HireDate | L1: ExitDate | M1: IsActive | N1: ExitReason | O1: SalaryAnnual | P1: BonusPct | Q1: PerformanceRating | R1: SatisfactionScore | S1: TenureMonths | T1: AbsenteeDays | U1: Quality Flag
A2: E02861 | B2: Male | C2: 35 | D2: Married | E2: Master | F2: Finance | G2: Credit Analyst | H2: 2 | I2: Bengaluru | J2: Full-Time | K2: 44445 | L2: 44559 | M2: No | N2: Resigned | O2: 74500 | P2: 10 | Q2: 2 | R2: 6 | S2: 3 | T2: 9 | U2: OK
A3: E02721 | B3: Female | C3: 38 | D3: Single | E3: Bachelor | F3: IT | G3: Data Analyst | H3: 3 | I3: Mumbai | J3: Full-Time | K3: 44688 | L3: 44833 | M3: No | N3: Resigned | O3: 138000 | P3: 5 | Q3: 3 | R3: 8 | S3: 4 | T3: 0 | U3: OK
A4: E01877 | B4: Male | C4: 26 | D4: Married | E4: High School | F4: Finance | G4: Credit Analyst | H4: 1 | I4: Hyderabad | J4: Full-Time | K4: 44357 | M4: Yes | O4: 78000 | P4: 10 | Q4: 3 | R4: 9 | S4: 55 | T4: 3 | U4: OK
A5: E01954 | B5: Male | C5: 28 | D5: Married | E5: High School | F5: Human Resources | G5: Recruiter | H5: 3 | I5: Bengaluru | J5: Full-Time | K5: 45814 | M5: Yes | O5: 90000 | P5: 10 | Q5: 5 | R5: 5 | S5: 6 | T5: 5 | U5: OK
A6: E00129 | B6: Female | C6: 34 | D6: Married | E6: PhD | F6: Sales | G6: Business Development | H6: 1 | I6: Mumbai | J6: Full-Time | K6: 45352 | L6: 45411 | M6: No | N6: Layoff | O6: 73000 | P6: 0 | Q6: 4 | R6: 4 | S6: 1 | T6: 11 | U6: OK
A7: E00138 | B7: Male | C7: 32 | D7: Married | E7: Master | F7: Sales | G7: Sales Executive | H7: 3 | I7: Delhi | J7: Full-Time | K7: 44395 | M7: Yes | O7: 102500 | P7: 0 | Q7: 5 | R7: 1 | S7: 54 | T7: 13 | U7: OK
A8: E02149 | B8: male | C8: 30 | D8: Single | E8: Bachelor | F8: IT | G8: Software Engineer | H8: 3 | I8: Bengaluru | J8: Full-Time | K8: 44519 | M8: Yes | O8: 107000 | P8: 0 | Q8: 5 | R8: 6 | S8: 50 | T8: 9 | U8: OK
A9: E02093 | B9: Male | C9: 42 | D9: Married | E9: PhD | F9: Sales | G9: Account Executive | H9: 5 | I9: Mumbai | J9: Full-Time | K9: 44270 | M9: Yes | O9: 109000 | P9: 0 | Q9: 3 | R9: 2 | S9: 58 | T9: 11 | U9: OK
A10: E01810 | B10: Male | C10: 28 | D10: Married | E10: Diploma | F10: Finance | G10: Financial Analyst | H10: 3 | I10: Mumbai | J10: Full-Time | K10: 44964 | M10: Yes | O10: 85000 | P10: 0 | Q10: 3 | R10: 6 | S10: 35 | T10: 8 | U10: OK
A11: E02706 | B11: Female | C11: 42 | D11: Married | E11: PhD | F11: Operations | G11: Operations Analyst | H11: 6 | I11: Remote | J11: Full-Time | K11: 44190 | M11: Yes | O11: 122000 | P11: 15 | Q11: 3 | R11: 5 | S11: 61 | T11: 3 | U11: OK
A12: E02698 | B12: Female | C12: 27 | D12: Married | E12: Master | F12: IT | G12: IT Support | H12: 1 | I12: Delhi | J12: Full-Time | K12: 46001 | M12: Yes | O12: 108500 | P12: 0 | Q12: 4 | R12: 7 | S12: 1 | T12: 2 | U12: OK
A13: E01469 | B13: Male | C13: 31 | D13: Married | E13: Diploma | F13: Marketing | G13: Content Writer | H13: 3 | I13: Delhi | J13: Full-Time | K13: 44264 | M13: Yes | O13: 91000 | P13: 15 | Q13: 3 | R13: 3 | S13: 58 | T13: 8 | U13: OK
A14: E01727 | B14: Male | C14: 34 | D14: Married | E14: Diploma | F14: Human Resources | G14: HR Analyst | H14: 3 | I14: Bengaluru | J14: Full-Time | K14: 45876 | L14: 45928 | M14: No | N14: Retirement | O14: 83500 | P14: 0 | Q14: 5 | R14: 8 | S14: 1 | T14: 4 | U14: OK
A15: E00711 | B15: Male | C15: 34 | D15: Single | E15: PhD | F15: Operations | G15: Quality Analyst | H15: 2 | I15: Hyderabad | J15: Full-Time | K15: 45327 | M15: Yes | O15: 88000 | P15: 5 | Q15: 3 | R15: 4 | S15: 23 | T15: 0 | U15: OK
A16: E02942 | B16: Male | C16: 26 | D16: Single | E16: PhD | F16: Marketing | G16: Content Writer | H16: 1 | I16: Chennai | J16: Full-Time | K16: 43903 | M16: Yes | O16: 66000 | P16: 0 | Q16: 5 | R16: 4 | S16: 70 | T16: 5 | U16: OK
A17: E01887 | B17: Female | C17: 36 | D17: Divorced | E17: High School | F17: Research & Development | G17: Research Scientist | H17: 4 | I17: Remote | J17: Full-Time | K17: 44237 | M17: Yes | O17: 230500 | P17: 0 | Q17: 3 | R17: 8 | S17: 59 | T17: 17 | U17: OK
A18: E01441 | B18: Male | C18: 34 | D18: Single | E18: High School | F18: Marketing | G18: Content Writer | H18: 4 | I18: Remote | J18: Full-Time | K18: 45670 | L18: 45738 | M18: No | N18: Resigned | O18: 118500 | P18: 0 | Q18: 2 | R18: 2 | S18: 2 | T18: 2 | U18: OK
A19: E02533 | B19: Male | C19: 36 | D19: Married | E19: High School | F19: Finance | G19: Credit Analyst | H19: 6 | I19: Hyderabad | J19: Full-Time | K19: 45536 | M19: Yes | O19: 140000 | P19: 10 | Q19: 3 | R19: 6 | S19: 16 | T19: 1 | U19: OK
A20: E02649 | B20: Female | C20: 27 | D20: Married | E20: PhD | F20: Customer Support | G20: Escalation Specialist | H20: 2 | I20: Mumbai | J20: Full-Time | K20: 45837 | L20: 45943 | M20: No | N20: Retirement | O20: 50000 | P20: 0 | Q20: 2 | R20: 8 | S20: 3 | T20: 8 | U20: OK
A21: E00789 | B21: Male | C21: 28 | D21: Married | E21: Bachelor | F21: Customer Support | G21: Support Agent | H21: 1 | I21: Bengaluru | J21: Part-Time | K21: 44157 | M21: Yes | O21: 46000 | P21: 0 | Q21: 3 | R21: 6 | S21: 62 | T21: 0 | U21: OK
A22: E02693 | B22: Male | C22: 29 | D22: Single | E22: PhD | F22: Research & Development | G22: Research Scientist | H22: 4 | I22: Chennai | J22: Full-Time | K22: 44579 | M22: Yes | O22: 192500 | P22: 0 | Q22: 3 | R22: 8 | S22: 48 | T22: 4 | U22: OK
A23: E02594 | B23: Female | C23: 29 | D23: Married | E23: Master | F23: IT | G23: DevOps Engineer | H23: 2 | I23: Mumbai | J23: Full-Time | K23: 45970 | M23: Yes | O23: 148000 | P23: 10 | Q23: 4 | R23: 6 | S23: 1 | T23: 0 | U23: OK
A24: E00888 | B24: Female | C24: 26 | D24: Married | E24: PhD | F24: Customer Support | G24: Escalation Specialist | H24: 2 | I24: Bengaluru | J24: Part-Time | K24: 45589 | L24: 45644 | M24: No | N24: Resigned | O24: 61500 | P24: 5 | Q24: 5 | R24: 5 | S24: 1 | T24: 9 | U24: OK
A25: E00593 | B25: Female | C25: 32 | D25: Married | E25: PhD | F25: Finance | G25: Accountant | H25: 1 | I25: Bengaluru | J25: Full-Time | K25: 45452 | M25: Yes | O25: 81500 | P25: 15 | Q25: 4 | R25: 6 | S25: 19 | T25: 9 | U25: OK
A26: E01107 | B26: male | C26: 30 | D26: Married | E26: Diploma | F26: IT | G26: IT Support | H26: 1 | I26: Bengaluru | J26: Full-Time | K26: 45797 | M26: Yes | O26: 96500 | P26: 0 | Q26: 4 | R26: 8 | S26: 7 | T26: 8 | U26: OK
A27: E01361 | B27: male | C27: 30 | D27: Married | E27: Bachelor | F27: IT | G27: DevOps Engineer | H27: 1 | I27: Remote | J27: Full-Time | K27: 44960 | M27: Yes | O27: 92500 | P27: 10 | Q27: 4 | R27: 4 | S27: 35 | T27: 2 | U27: OK
A28: E02576 | B28: Male | C28: 45 | D28: Married | E28: PhD | F28: Customer Support | G28: Support Lead | H28: 7 | I28: Mumbai | J28: Full-Time | K28: 44969 | L28: 45107 | M28: No | N28: Resigned | O28: 108500 | P28: 0 | Q28: 5 | R28: 6 | S28: 4 | T28: 0 | U28: OK
A29: E00606 | B29: Male | C29: 36 | D29: Married | E29: Diploma | F29: IT | G29: Data Analyst | H29: 5 | I29: Delhi | J29: Full-Time | K29: 43924 | M29: Yes | O29: 180000 | P29: 10 | Q29: 4 | R29: 4 | S29: 69 | T29: 8 | U29: OK
A30: E00464 | B30: female | C30: 35 | D30: Married | E30: Bachelor | F30: Finance | G30: Financial Analyst | H30: 2 | I30: Hyderabad | J30: Full-Time | K30: 45723 | L30: 45820 | M30: No | N30: Layoff | O30: 95000 | P30: 20 | Q30: 5 | R30: 4 | S30: 3 | T30: 7 | U30: OK
A31: E01683 | B31: Female | C31: 24 | D31: Married | E31: High School | F31: Operations | G31: Quality Analyst | H31: 1 | I31: Delhi | J31: Full-Time | K31: 44895 | M31: Yes | O31: 73500 | P31: 10 | Q31: 4 | R31: 4 | S31: 37 | T31: 6 | U31: OK
A32: E00403 | B32: Male | C32: 27 | D32: Single | E32: Bachelor | F32: Customer Support | G32: Escalation Specialist | H32: 2 | I32: Chennai | J32: Full-Time | K32: 43832 | L32: 43921 | M32: No | N32: Resigned | O32: 81000 | P32: 5 | Q32: 3 | R32: 7 | S32: 2 | T32: 0 | U32: OK
A33: E01313 | B33: Female | C33: 28 | D33: Married | E33: High School | F33: Finance | G33: Credit Analyst | H33: 1 | I33: Bengaluru | J33: Full-Time | K33: 44040 | M33: Yes | O33: 91500 | P33: 0 | Q33: 4 | R33: 6 | S33: 66 | T33: 7 | U33: OK
A34: E02754 | B34: Female | C34: 35 | D34: Single | E34: Diploma | F34: IT | G34: Data Analyst | H34: 3 | I34: Hyderabad | J34: Part-Time | K34: 44775 | M34: Yes | O34: 177000 | P34: 0 | Q34: 5 | R34: 5 | S34: 41 | T34: 2 | U34: OK
A35: E02887 | B35: Male | C35: 28 | D35: Married | E35: High School | F35: Research & Development | G35: Product Engineer | H35: 3 | I35: Delhi | J35: Full-Time | K35: 44727 | M35: Yes | O35: 184500 | P35: 5 | Q35: 4 | R35: 5 | S35: 43 | T35: 6 | U35: OK
A36: E01898 | B36: Female | C36: 39 | D36: Single | E36: High School | F36: Operations | G36: Logistics Coordinator | H36: 4 | I36: Bengaluru | J36: Full-Time | K36: 45251 | M36: Yes | O36: 103500 | P36: 15 | Q36: 3 | R36: 5 | S36: 25 | T36: 9 | U36: OK
A37: E00058 | B37: male | C37: 26 | D37: Married | E37: PhD | F37: Finance | G37: Credit Analyst | H37: 1 | I37: Chennai | J37: Full-Time | K37: 45024 | M37: Yes | O37: 67500 | P37: 10 | Q37: 1 | R37: 6 | S37: 33 | T37: 4 | U37: OK
A38: E01466 | B38: Female | C38: 28 | D38: Married | E38: High School | F38: Marketing | G38: Marketing Analyst | H38: 1 | I38: Remote | J38: Full-Time | K38: 45741 | M38: Yes | O38: 83500 | P38: 0 | Q38: 4 | R38: 5 | S38: 9 | T38: 0 | U38: OK
A39: E02415 | B39: Female | C39: 32 | D39: Divorced | E39: Diploma | F39: Sales | G39: Business Development | H39: 2 | I39: Hyderabad | J39: Full-Time | K39: 45155 | L39: 45260 | M39: No | N39: Retirement | O39: 122500 | P39: 5 | Q39: 4 | R39: 6 | S39: 3 | T39: 8 | U39: OK
A40: E00167 | B40: Male | C40: 37 | D40: Single | E40: High School | F40: Marketing | G40: SEO Specialist | H40: 4 | I40: Hyderabad | J40: Contract | K40: 45253 | L40: 45395 | M40: No | N40: Resigned | O40: 127000 | P40: 5 | Q40: 3 | R40: 7 | S40: 4 | T40: 12 | U40: OK
A41: E01489 | B41: Male | C41: 33 | D41: Single | E41: Bachelor | F41: IT | G41: Software Engineer | H41: 1 | I41: Delhi | J41: Full-Time | K41: 45473 | M41: Yes | O41: 90000 | P41: 0 | Q41: 2 | R41: 10 | S41: 18 | T41: 13 | U41: OK
A42: E00105 | B42: Female | C42: 33 | D42: Married | E42: PhD | F42: Operations | G42: Logistics Coordinator | H42: 2 | I42: Mumbai | J42: Full-Time | K42: 45480 | M42: Yes | O42: 104000 | P42: 0 | Q42: 5 | R42: 8 | S42: 18 | T42: 8 | U42: OK
A43: E02239 | B43: Female | C43: 29 | D43: Married | E43: Bachelor | F43: Operations | G43: Operations Analyst | H43: 1 | I43: Delhi | J43: Full-Time | K43: 45400 | M43: Yes | O43: 59000 | P43: 15 | Q43: 2 | R43: 3 | S43: 20 | T43: 5 | U43: OK
A44: E00509 | B44: Female | C44: 36 | D44: Single | E44: Bachelor | F44: Research & Development | G44: Research Scientist | H44: 6 | I44: Mumbai | J44: Full-Time | K44: 45970 | L44: 45985 | M44: No | N44: Resigned | O44: 228500 | P44: 5 | Q44: 4 | R44: 7 | S44: 1 | T44: 5 | U44: OK
A45: E01992 | B45: Female | C45: 27 | D45: Married | E45: PhD | F45: Research & Development | G45: Research Scientist | H45: 1 | I45: Bengaluru | J45: Full-Time | K45: 45648 | L45: 45703 | M45: No | N45: Resigned | O45: 161500 | P45: 0 | Q45: 4 | R45: 1 | S45: 1 | T45: 5 | U45: OK
A46: E01381 | B46: Male | C46: 31 | D46: Married | E46: PhD | F46: Operations | G46: Operations Analyst | H46: 1 | I46: Hyderabad | J46: Full-Time | K46: 45699 | L46: 45842 | M46: No | N46: Resigned | O46: 81500 | P46: 5 | Q46: 3 | R46: 3 | S46: 4 | T46: 1 | U46: OK
A47: E02298 | B47: Female | C47: 34 | D47: Single | E47: Diploma | F47: Human Resources | G47: Recruiter | H47: 2 | I47: Delhi | J47: Full-Time | K47: 45185 | M47: Yes | O47: 109000 | P47: 15 | Q47: 3 | R47: 8 | S47: 27 | T47: 12 | U47: OK
A48: E00930 | B48: Female | C48: 31 | D48: Single | E48: Master | F48: Sales | G48: Sales Executive | H48: 1 | I48: Hyderabad | J48: Full-Time | K48: 45498 | M48: Yes | O48: 64500 | P48: 15 | Q48: 4 | R48: 6 | S48: 17 | T48: 6 | U48: OK
A49: E01544 | B49: Male | C49: 23 | D49: Married | E49: High School | F49: Operations | G49: Quality Analyst | H49: 1 | I49: Remote | J49: Full-Time | K49: 44830 | M49: Yes | O49: 95000 | P49: 0 | Q49: 3 | R49: 8 | S49: 39 | T49: 7 | U49: OK
A50: E01657 | B50: Male | C50: 30 | D50: Married | E50: PhD | F50: Human Resources | G50: HR Generalist | H50: 2 | I50: Delhi | J50: Full-Time | K50: 45764 | M50: Yes | O50: 100500 | P50: 0 | Q50: 5 | R50: 4 | S50: 8 | T50: 7 | U50: OK
A51: E00892 | B51: Female | C51: 32 | D51: Married | E51: Diploma | F51: Human Resources | G51: HR Analyst | H51: 2 | I51: Mumbai | J51: Full-Time | K51: 45725 | L51: 45817 | M51: No | N51: Resigned | O51: 79000 | P51: 20 | Q51: 4 | R51: 7 | S51: 3 | T51: 16 | U51: OK
A52: E00755 | B52: Male | C52: 36 | D52: Divorced | E52: Master | F52: IT | G52: Data Analyst | H52: 2 | I52: Remote | J52: Full-Time | K52: 45720 | M52: Yes | O52: 99000 | P52: 10 | Q52: 3 | R52: 6 | S52: 10 | T52: 8 | U52: OK
A53: E02890 | B53: Female | C53: 34 | D53: Married | E53: Diploma | F53: Customer Support | G53: Escalation Specialist | H53: 5 | I53: Delhi | J53: Full-Time | K53: 45645 | M53: Yes | O53: 109500 | P53: 5 | Q53: 4 | R53: 4 | S53: 12 | T53: 16 | U53: OK
A54: E00373 | B54: Female | C54: 30 | D54: Married | E54: Diploma | F54: Human Resources | G54: Recruiter | H54: 1 | I54: Mumbai | J54: Full-Time | K54: 44102 | M54: Yes | O54: 71500 | P54: 20 | Q54: 5 | R54: 8 | S54: 64 | T54: 15 | U54: OK
A55: E01588 | B55: Female | C55: 37 | D55: Married | E55: Master | F55: Sales | G55: Sales Executive | H55: 4 | I55: Mumbai | J55: Contract | K55: 44592 | L55: 44637 | M55: No | N55: Resigned | O55: 140000 | P55: 20 | Q55: 4 | R55: 3 | S55: 1 | T55: 3 | U55: OK
A56: E01664 | B56: Male | C56: 30 | D56: Married | E56: High School | F56: Finance | G56: Financial Analyst | H56: 2 | I56: Hyderabad | J56: Part-Time | K56: 44953 | M56: Yes | O56: 84500 | P56: 0 | Q56: 4 | R56: 6 | S56: 35 | T56: 8 | U56: OK
A57: E00391 | B57: Female | C57: 34 | D57: Married | E57: Bachelor | F57: Marketing | G57: SEO Specialist | H57: 3 | I57: Hyderabad | J57: Full-Time | K57: 45082 | M57: Yes | O57: 103000 | P57: 10 | Q57: 3 | R57: 4 | S57: 31 | T57: 12 | U57: OK
A58: E01734 | B58: Male | C58: 31 | D58: Married | E58: Bachelor | F58: Finance | G58: Accountant | H58: 2 | I58: Mumbai | J58: Full-Time | K58: 45114 | M58: Yes | O58: 129000 | P58: 0 | Q58: 5 | R58: 7 | S58: 30 | T58: 7 | U58: OK
A59: E01067 | B59: Male | C59: 27 | D59: Married | E59: PhD | F59: Sales | G59: Business Development | H59: 2 | I59: Bengaluru | J59: Full-Time | K59: 45394 | M59: Yes | O59: 108000 | P59: 5 | Q59: 4 | R59: 5 | S59: 20 | T59: 0 | U59: OK
A60: E02130 | B60: Male | C60: 39 | D60: Married | E60: Diploma | F60: Operations | G60: Operations Analyst | H60: 4 | I60: Mumbai | J60: Full-Time | K60: 44870 | M60: Yes | O60: 109000 | P60: 0 | Q60: 4 | R60: 5 | S60: 38 | T60: 17 | U60: OK
A61: E00113 | B61: Female | C61: 29 | D61: Single | E61: High School | F61: Finance | G61: Credit Analyst | H61: 4 | I61: Mumbai | J61: Full-Time | K61: 45313 | M61: Yes | O61: 145500 | P61: 15 | Q61: 3 | R61: 8 | S61: 23 | T61: 0 | U61: OK
A62: E00989 | B62: Male | C62: 37 | D62: Single | E62: High School | F62: Marketing | G62: Content Writer | H62: 5 | I62: Mumbai | J62: Contract | K62: 45984 | M62: Yes | O62: 100000 | P62: 10 | Q62: 4 | R62: 5 | S62: 1 | T62: 0 | U62: OK
A63: E00671 | B63: female | C63: 35 | D63: Married | E63: High School | F63: Customer Support | G63: Escalation Specialist | H63: 3 | I63: Bengaluru | J63: Contract | K63: 45072 | M63: Yes | O63: 66500 | P63: 0 | Q63: 4 | R63: 4 | S63: 31 | T63: 0 | U63: OK
A64: E01591 | B64: Male | C64: 26 | D64: Single | E64: High School | F64: Sales | G64: Account Executive | H64: 2 | I64: Mumbai | J64: Part-Time | K64: 44974 | M64: Yes | O64: 107000 | P64: 0 | Q64: 3 | R64: 6 | S64: 34 | T64: 2 | U64: OK
A65: E02793 | B65: Male | C65: 34 | D65: Single | E65: High School | F65: Research & Development | G65: Research Scientist | H65: 2 | I65: Mumbai | J65: Full-Time | K65: 45156 | M65: Yes | O65: 182000 | P65: 0 | Q65: 4 | R65: 6 | S65: 28 | T65: 6 | U65: OK
A66: E01121 | B66: male | C66: 33 | D66: Single | E66: High School | F66: Research & Development | G66: Product Engineer | H66: 4 | I66: Mumbai | J66: Full-Time | K66: 44691 | L66: 44764 | M66: No | N66: Performance / Termination | O66: 183500 | P66: 0 | Q66: 3 | R66: 5 | S66: 2 | T66: 6 | U66: OK
A67: E02355 | B67: Male | C67: 42 | D67: Married | E67: Master | F67: Sales | G67: Business Development | H67: 5 | I67: Remote | J67: Full-Time | K67: 45842 | M67: Yes | O67: 136000 | P67: 20 | Q67: 4 | R67: 7 | S67: 6 | T67: 4 | U67: OK
A68: E02170 | B68: male | C68: 39 | D68: Single | E68: Master | F68: Operations | G68: Operations Analyst | H68: 6 | I68: Remote | J68: Full-Time | K68: 44588 | L68: 44640 | M68: No | N68: Performance / Termination | O68: 152500 | P68: 0 | Q68: 1 | R68: 7 | S68: 1 | T68: 12 | U68: OK
A69: E00857 | B69: Female | C69: 38 | D69: Single | E69: PhD | F69: Human Resources | G69: Recruiter | H69: 3 | I69: Remote | J69: Full-Time | K69: 44003 | M69: Yes | O69: 88500 | P69: 5 | Q69: 4 | R69: 6 | S69: 67 | T69: 4 | U69: OK
A70: E01047 | B70: Male | C70: 33 | D70: Married | E70: Master | F70: Customer Support | G70: Escalation Specialist | H70: 2 | I70: Mumbai | J70: Full-Time | K70: 45702 | L70: 45847 | M70: No | N70: Resigned | O70: 80000 | P70: 0 | Q70: 3 | R70: 5 | S70: 4 | T70: 10 | U70: OK
A71: E02986 | B71: Female | C71: 38 | D71: Married | E71: High School | F71: Finance | G71: Credit Analyst | H71: 3 | I71: Remote | J71: Full-Time | K71: 44891 | M71: Yes | O71: 124000 | P71: 10 | Q71: 5 | R71: 4 | S71: 37 | T71: 9 | U71: OK
A72: E02011 | B72: Male | C72: 29 | D72: Married | E72: Master | F72: Research & Development | G72: Product Engineer | H72: 3 | I72: Delhi | J72: Full-Time | K72: 44752 | M72: Yes | O72: 138000 | P72: 5 | Q72: 1 | R72: 8 | S72: 42 | T72: 9 | U72: OK
A73: E01048 | B73: Female | C73: 31 | D73: Single | E73: Bachelor | F73: Customer Support | G73: Support Agent | H73: 1 | I73: Bengaluru | J73: Full-Time | K73: 44137 | M73: Yes | O73: 65000 | P73: 0 | Q73: 4 | R73: 6 | S73: 62 | T73: 0 | U73: OK
A74: E00932 | B74: Female | C74: 29 | D74: Single | E74: High School | F74: IT | G74: Data Analyst | H74: 1 | I74: Delhi | J74: Full-Time | K74: 44820 | L74: 44944 | M74: No | N74: Resigned | O74: 147500 | P74: 0 | Q74: 3 | R74: 9 | S74: 4 | T74: 11 | U74: OK
A75: E00634 | B75: Male | C75: 28 | D75: Married | E75: Diploma | F75: Sales | G75: Account Executive | H75: 2 | I75: Delhi | J75: Full-Time | K75: 43935 | M75: Yes | O75: 98500 | P75: 10 | Q75: 3 | R75: 6 | S75: 69 | T75: 2 | U75: OK
A76: E00582 | B76: Male | C76: 38 | D76: Divorced | E76: Master | F76: Research & Development | G76: Research Scientist | H76: 5 | I76: Delhi | J76: Full-Time | K76: 45425 | M76: Yes | O76: 238500 | P76: 0 | Q76: 5 | R76: 6 | S76: 19 | T76: 9 | U76: OK
A77: E02414 | B77: Male | C77: 41 | D77: Single | E77: Master | F77: Finance | G77: Credit Analyst | H77: 5 | I77: Hyderabad | J77: Full-Time | K77: 45284 | M77: Yes | O77: 153000 | P77: 10 | Q77: 2 | R77: 7 | S77: 24 | T77: 3 | U77: OK
A78: E00290 | B78: Female | C78: 31 | D78: Married | E78: High School | F78: Finance | G78: Financial Analyst | H78: 4 | I78: Hyderabad | J78: Full-Time | K78: 45222 | M78: Yes | O78: 149500 | P78: 0 | Q78: 2 | R78: 7 | S78: 26 | T78: 6 | U78: OK
A79: E00971 | B79: Female | C79: 39 | D79: Single | E79: High School | F79: Sales | G79: Business Development | H79: 4 | I79: Remote | J79: Full-Time | K79: 44511 | M79: Yes | O79: 91000 | P79: 0 | Q79: 4 | R79: 6 | S79: 50 | T79: 13 | U79: OK
A80: E01555 | B80: Female | C80: 33 | D80: Married | E80: Diploma | F80: Human Resources | G80: HR Analyst | H80: 3 | I80: Hyderabad | J80: Full-Time | K80: 46006 | M80: Yes | O80: 93500 | P80: 0 | Q80: 5 | R80: 9 | S80: 1 | T80: 2 | U80: OK
A81: E01938 | B81: Male | C81: 37 | D81: Married | E81: High School | F81: Operations | G81: Logistics Coordinator | H81: 4 | I81: Bengaluru | J81: Full-Time | K81: 45616 | M81: Yes | O81: 127000 | P81: 5 | Q81: 5 | R81: 6 | S81: 13 | T81: 0 | U81: OK
A82: E01097 | B82: Male | C82: 30 | D82: Married | E82: Master | F82: IT | G82: DevOps Engineer | H82: 1 | I82: Bengaluru | J82: Full-Time | K82: 44360 | M82: Yes | O82: 147500 | P82: 0 | Q82: 5 | R82: 2 | S82: 55 | T82: 0 | U82: OK
A83: E02181 | B83: Female | C83: 35 | D83: Married | E83: PhD | F83: Sales | G83: Sales Executive | H83: 3 | I83: Remote | J83: Full-Time | K83: 44978 | M83: Yes | O83: 109500 | P83: 0 | Q83: 4 | R83: 6 | S83: 34 | T83: 20 | U83: OK
A84: E01702 | B84: Male | C84: 37 | D84: Married | E84: PhD | G84: Content Writer | H84: 3 | I84: Hyderabad | J84: Full-Time | K84: 44574 | M84: Yes | O84: 71000 | P84: 20 | Q84: 3 | R84: 6 | S84: 48 | T84: 4 | U84: Blank department
A85: E00690 | B85: Female | C85: 29 | D85: Married | E85: Diploma | F85: Operations | G85: Quality Analyst | H85: 2 | I85: Remote | J85: Full-Time | K85: 43846 | M85: Yes | O85: 110000 | P85: 5 | Q85: 2 | R85: 7 | S85: 72 | T85: 0 | U85: OK
A86: E02904 | B86: Female | C86: 30 | D86: Married | E86: Master | F86: Research & Development | G86: Research Scientist | H86: 3 | I86: Hyderabad | J86: Full-Time | K86: 45244 | L86: 45338 | M86: No | N86: Relocation | O86: 122000 | P86: 0 | Q86: 4 | R86: 2 | S86: 3 | T86: 0 | U86: OK
A87: E01828 | B87: Female | C87: 30 | D87: Married | E87: Master | F87: Human Resources | G87: Recruiter | H87: 4 | I87: Remote | J87: Full-Time | K87: 45563 | M87: Yes | O87: 104500 | P87: 0 | Q87: 3 | R87: 6 | S87: 15 | T87: 0 | U87: OK
A88: E00709 | B88: Female | C88: 34 | D88: Single | E88: Diploma | F88: Operations | G88: Logistics Coordinator | H88: 3 | I88: Hyderabad | J88: Full-Time | K88: 45274 | M88: Yes | O88: 81500 | P88: 0 | Q88: 5 | R88: 6 | S88: 24 | T88: 7 | U88: OK
A89: E02232 | B89: Male | C89: 31 | D89: Married | E89: High School | F89: IT | G89: IT Support | H89: 5 | I89: Mumbai | J89: Full-Time | K89: 45463 | M89: Yes | O89: 172000 | P89: 0 | Q89: 3 | R89: 4 | S89: 18 | T89: 0 | U89: OK
A90: E01610 | B90: Male | C90: 31 | D90: Married | E90: Master | F90: Finance | G90: Financial Analyst | H90: 4 | I90: Mumbai | J90: Full-Time | K90: 44538 | M90: Yes | O90: 104500 | P90: 5 | Q90: 5 | R90: 6 | S90: 49 | T90: 6 | U90: OK
A91: E00467 | B91: Male | C91: 30 | D91: Married | E91: Bachelor | F91: IT | G91: IT Support | H91: 4 | I91: Bengaluru | J91: Full-Time | K91: 44647 | M91: Yes | O91: 159000 | P91: 5 | Q91: 4 | R91: 7 | S91: 45 | T91: 13 | U91: OK
A92: E02014 | B92: Male | C92: 38 | D92: Married | E92: Master | F92: IT | G92: DevOps Engineer | H92: 3 | I92: Remote | J92: Full-Time | K92: 45785 | M92: Yes | O92: 124000 | P92: 5 | Q92: 5 | R92: 6 | S92: 7 | T92: 9 | U92: OK
A93: E01835 | B93: Male | C93: 35 | D93: Single | E93: High School | F93: Marketing | G93: SEO Specialist | H93: 4 | I93: Bengaluru | J93: Full-Time | K93: 44857 | M93: Yes | O93: 95500 | P93: 15 | Q93: 5 | R93: 5 | S93: 38 | T93: 4 | U93: OK
A94: E02830 | B94: Female | C94: 40 | D94: Married | E94: Master | F94: IT | G94: Data Analyst | H94: 7 | I94: Bengaluru | J94: Full-Time | K94: 44830 | M94: Yes | O94: 208000 | P94: 20 | Q94: 5 | R94: 3 | S94: 39 | T94: 0 | U94: OK
A95: E01668 | B95: Male | C95: 40 | D95: Married | E95: Bachelor | F95: Human Resources | G95: Recruiter | H95: 6 | I95: Mumbai | J95: Full-Time | K95: 44391 | M95: Yes | O95: 164500 | P95: 10 | Q95: 4 | R95: 10 | S95: 54 | T95: 13 | U95: OK
A96: E01586 | B96: Female | C96: 37 | D96: Married | E96: High School | F96: Sales | G96: Sales Executive | H96: 3 | I96: Delhi | J96: Full-Time | K96: 45332 | M96: Yes | O96: 112000 | P96: 5 | Q96: 4 | R96: 4 | S96: 23 | T96: 1 | U96: OK
A97: E01470 | B97: Male | C97: 25 | D97: Single | E97: PhD | F97: Customer Support | G97: Support Agent | H97: 2 | I97: Mumbai | J97: Full-Time | K97: 44303 | L97: 44444 | M97: No | N97: Resigned | O97: 60500 | P97: 0 | Q97: 3 | R97: 7 | S97: 4 | T97: 7 | U97: OK
A98: E00323 | B98: Male | C98: 31 | D98: Married | E98: Master | F98: Marketing | G98: Content Writer | H98: 1 | I98: Delhi | J98: Part-Time | K98: 44499 | M98: Yes | O98: 89500 | P98: 0 | Q98: 5 | R98: 5 | S98: 50 | T98: 22 | U98: OK
A99: E02033 | B99: Male | C99: 34 | D99: Divorced | E99: Master | F99: Customer Support | G99: Escalation Specialist | H99: 3 | I99: Chennai | J99: Full-Time | K99: 44685 | M99: Yes | O99: 74000 | P99: 0 | Q99: 3 | R99: 7 | S99: 44 | T99: 2 | U99: OK
A100: E00670 | B100: Female | C100: 35 | D100: Married | E100: Master | F100: Operations | G100: Logistics Coordinator | H100: 4 | I100: Hyderabad | J100: Full-Time | K100: 45268 | M100: Yes | O100: 113500 | P100: 15 | Q100: 5 | R100: 3 | S100: 25 | T100: 3 | U100: OK
...

Sheet Clean Data
A1: EmployeeID | B1: Gender | C1: Age | D1: MaritalStatus | E1: Education | F1: Department | G1: JobRole | H1: JobLevel | I1: OfficeLocation | J1: EmploymentType | K1: HireDate | L1: ExitDate | M1: IsActive | N1: ExitReason | O1: SalaryAnnual | P1: BonusPct | Q1: PerformanceRating | R1: SatisfactionScore | S1: TenureMonths | T1: AbsenteeDays | U1: AgeBand | V1: SalaryBand | W1: AttritionStatus
A2: E00001 | B2: Female | C2: 40 | D2: Single | E2: PhD | F2: IT | G2: Software Engineer | H2: 5 | I2: Delhi | J2: Full-Time | K2: 44318 | M2: Yes | O2: 212000 | P2: 5 | Q2: 4 | R2: 4 | S2: 56 | T2: 9 | U2: =IFS(C2<30,"Under 30",C2<40,"30-39",C2<50,"40-49",TRUE,"50+") | V2: =IFS(O2<60000,"Low (<60k)",O2<100000,"Mid (60-100k)",TRUE,"High (100k+)") | W2: =IF(M2="No","Attrited","Active")
A3: E00002 | B3: Female | C3: 35 | D3: Divorced | E3: PhD | F3: IT | G3: Software Engineer | H3: 2 | I3: Remote | J3: Full-Time | K3: 44284 | M3: Yes | O3: 170000 | P3: 0 | Q3: 4 | R3: 5 | S3: 57 | T3: 11 | U3: =IFS(C3<30,"Under 30",C3<40,"30-39",C3<50,"40-49",TRUE,"50+") | V3: =IFS(O3<60000,"Low (<60k)",O3<100000,"Mid (60-100k)",TRUE,"High (100k+)") | W3: =IF(M3="No","Attrited","Active")
A4: E00003 | B4: Female | C4: 31 | D4: Married | E4: Master | F4: Sales | G4: Sales Executive | H4: 3 | I4: Delhi | J4: Full-Time | K4: 44143 | M4: Yes | O4: 96000 | P4: 10 | Q4: 3 | R4: 8 | S4: 62 | T4: 12 | U4: =IFS(C4<30,"Under 30",C4<40,"30-39",C4<50,"40-49",TRUE,"50+") | V4: =IFS(O4<60000,"Low (<60k)",O4<100000,"Mid (60-100k)",TRUE,"High (100k+)") | W4: =IF(M4="No","Attrited","Active")
A5: E00004 | B5: Female | C5: 28 | D5: Married | E5: Master | F5: Customer Support | G5: Escalation Specialist | H5: 3 | I5: Chennai | J5: Full-Time | K5: 45464 | M5: Yes | O5: 70000 | P5: 5 | Q5: 3 | R5: 7 | S5: 18 | T5: 0 | U5: =IFS(C5<30,"Under 30",C5<40,"30-39",C5<50,"40-49",TRUE,"50+") | V5: =IFS(O5<60000,"Low (<60k)",O5<100000,"Mid (60-100k)",TRUE,"High (100k+)") | W5: =IF(M5="No","Attrited","Active")
A6: E00005 | B6: Male | C6: 27 | D6: Married | E6: Diploma | F6: Customer Support | G6: Escalation Specialist | H6: 2 | I6: Delhi | J6: Full-Time | K6: 45952 | M6: Yes | O6: 74000 | P6: 5 | Q6: 5 | R6: 8 | S6: 2 | T6: 4 | U6: =IFS(C6<30,"Under 30",C6<40,"30-39",C6<50,"40-49",TRUE,"50+") | V6: =IFS(O6<60000,"Low (<60k)",O6<100000,"Mid (60-100k)",TRUE,"High (100k+)") | W6: =IF(M6="No","Attrited","Active")
A7: E00006 | B7: Female | C7: 41 | D7: Married | E7: Bachelor | F7: Sales | G7: Business Development | H7: 6 | I7: Bengaluru | J7: Full-Time | K7: 45702 | M7: Yes | O7: 156500 | P7: 10 | Q7: 3 | R7: 1 | S7: 10 | T7: 18 | U7: =IFS(C7<30,"Under 30",C7<40,"30-39",C7<50,"40-49",TRUE,"50+") | V7: =IFS(O7<60000,"Low (<60k)",O7<100000,"Mid (60-100k)",TRUE,"High (100k+)") | W7: =IF(M7="No","Attrited","Active")
A8: E00007 | B8: Female | C8: 38 | D8: Married | E8: PhD | F8: Finance | G8: Credit Analyst | H8: 5 | I8: Remote | J8: Full-Time | K8: 43868 | M8: Yes | O8: 158000 | P8: 5 | Q8: 5 | R8: 8 | S8: 71 | T8: 3 | U8: =IFS(C8<30,"Under 30",C8<40,"30-39",C8<50,"40-49",TRUE,"50+") | V8: =IFS(O8<60000,"Low (<60k)",O8<100000,"Mid (60-100k)",TRUE,"High (100k+)") | W8: =IF(M8="No","Attrited","Active")
A9: E00008 | B9: Female | C9: 26 | D9: Married | E9: Master | F9: Customer Support | G9: Support Lead | H9: 2 | I9: Delhi | J9: Full-Time | K9: 43968 | L9: 44098 | M9: No | N9: Resigned | O9: 82000 | P9: 0 | Q9: 3 | R9: 5 | S9: 4 | T9: 0 | U9: =IFS(C9<30,"Under 30",C9<40,"30-39",C9<50,"40-49",TRUE,"50+") | V9: =IFS(O9<60000,"Low (<60k)",O9<100000,"Mid (60-100k)",TRUE,"High (100k+)") | W9: =IF(M9="No","Attrited","Active")
A10: E00009 | B10: Male | C10: 34 | D10: Married | E10: Diploma | F10: Customer Support | G10: Support Lead | H10: 1 | I10: Mumbai | J10: Full-Time | K10: 44922 | L10: 44967 | M10: No | N10: Resigned | O10: 56000 | P10: 5 | Q10: 5 | R10: 8 | S10: 1 | T10: 16 | U10: =IFS(C10<30,"Under 30",C10<40,"30-39",C10<50,"40-49",TRUE,"50+") | V10: =IFS(O10<60000,"Low (<60k)",O10<100000,"Mid (60-100k)",TRUE,"High (100k+)") | W10: =IF(M10="No","Attrited","Active")
A11: E00010 | B11: Female | C11: 45 | D11: Married | E11: Diploma | F11: Sales | G11: Business Development | H11: 7 | I11: Chennai | J11: Full-Time | K11: 44325 | M11: Yes | O11: 163500 | P11: 15 | Q11: 4 | R11: 6 | S11: 56 | T11: 6 | U11: =IFS(C11<30,"Under 30",C11<40,"30-39",C11<50,"40-49",TRUE,"50+") | V11: =IFS(O11<60000,"Low (<60k)",O11<100000,"Mid (60-100k)",TRUE,"High (100k+)") | W11: =IF(M11="No","Attrited","Active")
A12: E00011 | B12: Female | C12: 46 | D12: Married | E12: Master | F12: Operations | G12: Operations Analyst | H12: 7 | I12: Mumbai | J12: Full-Time | K12: 44744 | M12: Yes | O12: 168000 | P12: 15 | Q12: 4 | R12: 8 | S12: 42 | T12: 10 | U12: =IFS(C12<30,"Under 30",C12<40,"30-39",C12<50,"40-49",TRUE,"50+") | V12: =IFS(O12<60000,"Low (<60k)",O12<100000,"Mid (60-100k)",TRUE,"High (100k+)") | W12: =IF(M12="No","Attrited","Active")
A13: E00012 | B13: Male | C13: 24 | D13: Married | E13: Bachelor | F13: Customer Support | G13: Support Lead | H13: 1 | I13: Remote | J13: Contract | K13: 45961 | M13: Yes | O13: 71500 | P13: 15 | Q13: 3 | R13: 9 | S13: 2 | T13: 11 | U13: =IFS(C13<30,"Under 30",C13<40,"30-39",C13<50,"40-49",TRUE,"50+") | V13: =IFS(O13<60000,"Low (<60k)",O13<100000,"Mid (60-100k)",TRUE,"High (100k+)") | W13: =IF(M13="No","Attrited","Active")
A14: E00013 | B14: Male | C14: 34 | D14: Married | E14: High School | F14: Operations | G14: Operations Analyst | H14: 3 | I14: Chennai | J14: Contract | K14: 45074 | M14: Yes | O14: 95500 | P14: 0 | Q14: 4 | R14: 6 | S14: 31 | T14: 2 | U14: =IFS(C14<30,"Under 30",C14<40,"30-39",C14<50,"40-49",TRUE,"50+") | V14: =IFS(O14<60000,"Low (<60k)",O14<100000,"Mid (60-100k)",TRUE,"High (100k+)") | W14: =IF(M14="No","Attrited","Active")
A15: E00014 | B15: Male | C15: 33 | D15: Single | E15: PhD | F15: Finance | G15: Credit Analyst | H15: 6 | I15: Mumbai | J15: Full-Time | K15: 45465 | M15: Yes | O15: 168000 | P15: 5 | Q15: 4 | R15: 7 | S15: 18 | T15: 5 | U15: =IFS(C15<30,"Under 30",C15<40,"30-39",C15<50,"40-49",TRUE,"50+") | V15: =IFS(O15<60000,"Low (<60k)",O15<100000,"Mid (60-100k)",TRUE,"High (100k+)") | W15: =IF(M15="No","Attrited","Active")
A16: E00015 | B16: Female | C16: 25 | D16: Married | E16: Master | F16: Customer Support | G16: Support Agent | H16: 1 | I16: Bengaluru | J16: Part-Time | K16: 45948 | L16: 46021 | M16: No | N16: Resigned | O16: 51000 | P16: 0 | Q16: 3 | R16: 4 | S16: 2 | T16: 8 | U16: =IFS(C16<30,"Under 30",C16<40,"30-39",C16<50,"40-49",TRUE,"50+") | V16: =IFS(O16<60000,"Low (<60k)",O16<100000,"Mid (60-100k)",TRUE,"High (100k+)") | W16: =IF(M16="No","Attrited","Active")
A17: E00016 | B17: Male | C17: 28 | D17: Married | E17: Bachelor | F17: Human Resources | G17: HR Analyst | H17: 3 | I17: Hyderabad | J17: Full-Time | K17: 45746 | L17: 45856 | M17: No | N17: Resigned | O17: 83000 | P17: 0 | Q17: 4 | R17: 5 | S17: 3 | T17: 5 | U17: =IFS(C17<30,"Under 30",C17<40,"30-39",C17<50,"40-49",TRUE,"50+") | V17: =IFS(O17<60000,"Low (<60k)",O17<100000,"Mid (60-100k)",TRUE,"High (100k+)") | W17: =IF(M17="No","Attrited","Active")
A18: E00017 | B18: Male | C18: 36 | D18: Married | E18: PhD | F18: Research & Development | G18: Data Scientist | H18: 5 | I18: Bengaluru | J18: Full-Time | K18: 44578 | M18: Yes | O18: 228500 | P18: 5 | Q18: 4 | R18: 4 | S18: 48 | T18: 2 | U18: =IFS(C18<30,"Under 30",C18<40,"30-39",C18<50,"40-49",TRUE,"50+") | V18: =IFS(O18<60000,"Low (<60k)",O18<100000,"Mid (60-100k)",TRUE,"High (100k+)") | W18: =IF(M18="No","Attrited","Active")
A19: E00018 | B19: Female | C19: 29 | D19: Married | E19: High School | F19: Finance | G19: Accountant | H19: 1 | I19: Bengaluru | J19: Full-Time | K19: 44374 | M19: Yes | O19: 73500 | P19: 5 | Q19: 3 | R19: 5 | S19: 54 | T19: 0 | U19: =IFS(C19<30,"Under 30",C19<40,"30-39",C19<50,"40-49",TRUE,"50+") | V19: =IFS(O19<60000,"Low (<60k)",O19<100000,"Mid (60-100k)",TRUE,"High (100k+)") | W19: =IF(M19="No","Attrited","Active")
A20: E00019 | B20: Female | C20: 29 | D20: Single | E20: PhD | F20: Human Resources | G20: Recruiter | H20: 1 | I20: Chennai | J20: Part-Time | K20: 45119 | M20: Yes | O20: 57000 | P20: 0 | Q20: 5 | R20: 7 | S20: 30 | T20: 3 | U20: =IFS(C20<30,"Under 30",C20<40,"30-39",C20<50,"40-49",TRUE,"50+") | V20: =IFS(O20<60000,"Low (<60k)",O20<100000,"Mid (60-100k)",TRUE,"High (100k+)") | W20: =IF(M20="No","Attrited","Active")
A21: E00020 | B21: Male | C21: 37 | D21: Married | E21: PhD | F21: IT | G21: IT Support | H21: 3 | I21: Remote | J21: Full-Time | K21: 45265 | M21: Yes | O21: 157000 | P21: 5 | Q21: 4 | R21: 8 | S21: 25 | T21: 7 | U21: =IFS(C21<30,"Under 30",C21<40,"30-39",C21<50,"40-49",TRUE,"50+") | V21: =IFS(O21<60000,"Low (<60k)",O21<100000,"Mid (60-100k)",TRUE,"High (100k+)") | W21: =IF(M21="No","Attrited","Active")
A22: E00021 | B22: Male | C22: 34 | D22: Married | E22: Master | F22: Operations | G22: Logistics Coordinator | H22: 1 | I22: Bengaluru | J22: Full-Time | K22: 44861 | M22: Yes | O22: 96500 | P22: 10 | Q22: 3 | R22: 9 | S22: 38 | T22: 7 | U22: =IFS(C22<30,"Under 30",C22<40,"30-39",C22<50,"40-49",TRUE,"50+") | V22: =IFS(O22<60000,"Low (<60k)",O22<100000,"Mid (60-100k)",TRUE,"High (100k+)") | W22: =IF(M22="No","Attrited","Active")
A23: E00022 | B23: Female | C23: 23 | D23: Single | E23: PhD | F23: Marketing | G23: Content Writer | H23: 1 | I23: Mumbai | J23: Full-Time | K23: 43914 | L23: 44038 | M23: No | N23: Layoff | O23: 55000 | P23: 0 | Q23: 4 | R23: 8 | S23: 4 | T23: 11 | U23: =IFS(C23<30,"Under 30",C23<40,"30-39",C23<50,"40-49",TRUE,"50+") | V23: =IFS(O23<60000,"Low (<60k)",O23<100000,"Mid (60-100k)",TRUE,"High (100k+)") | W23: =IF(M23="No","Attrited","Active")
A24: E00023 | B24: Female | C24: 31 | D24: Married | E24: Diploma | F24: Operations | G24: Logistics Coordinator | H24: 2 | I24: Mumbai | J24: Full-Time | K24: 45289 | L24: 45347 | M24: No | N24: Performance / Termination | O24: 99000 | P24: 5 | Q24: 4 | R24: 6 | S24: 1 | T24: 2 | U24: =IFS(C24<30,"Under 30",C24<40,"30-39",C24<50,"40-49",TRUE,"50+") | V24: =IFS(O24<60000,"Low (<60k)",O24<100000,"Mid (60-100k)",TRUE,"High (100k+)") | W24: =IF(M24="No","Attrited","Active")
A25: E00024 | B25: Female | C25: 31 | D25: Married | E25: PhD | F25: Finance | G25: Credit Analyst | H25: 3 | I25: Remote | J25: Full-Time | K25: 43926 | M25: Yes | O25: 94500 | P25: 0 | Q25: 5 | R25: 8 | S25: 69 | T25: 12 | U25: =IFS(C25<30,"Under 30",C25<40,"30-39",C25<50,"40-49",TRUE,"50+") | V25: =IFS(O25<60000,"Low (<60k)",O25<100000,"Mid (60-100k)",TRUE,"High (100k+)") | W25: =IF(M25="No","Attrited","Active")
A26: E00025 | B26: Female | C26: 30 | D26: Married | E26: Bachelor | F26: Finance | G26: Financial Analyst | H26: 3 | I26: Mumbai | J26: Full-Time | K26: 45131 | M26: Yes | O26: 144000 | P26: 15 | Q26: 4 | R26: 9 | S26: 29 | T26: 4 | U26: =IFS(C26<30,"Under 30",C26<40,"30-39",C26<50,"40-49",TRUE,"50+") | V26: =IFS(O26<60000,"Low (<60k)",O26<100000,"Mid (60-100k)",TRUE,"High (100k+)") | W26: =IF(M26="No","Attrited","Active")
A27: E00026 | B27: Female | C27: 32 | D27: Single | E27: High School | F27: Operations | G27: Operations Analyst | H27: 2 | I27: Bengaluru | J27: Full-Time | K27: 44960 | M27: Yes | O27: 92000 | P27: 0 | Q27: 4 | R27: 4 | S27: 35 | T27: 3 | U27: =IFS(C27<30,"Under 30",C27<40,"30-39",C27<50,"40-49",TRUE,"50+") | V27: =IFS(O27<60000,"Low (<60k)",O27<100000,"Mid (60-100k)",TRUE,"High (100k+)") | W27: =IF(M27="No","Attrited","Active")
A28: E00027 | B28: Male | C28: 28 | D28: Married | E28: PhD | F28: Sales | G28: Sales Executive | H28: 3 | I28: Bengaluru | J28: Full-Time | K28: 45974 | M28: Yes | O28: 83000 | P28: 15 | Q28: 3 | R28: 5 | S28: 1 | T28: 4 | U28: =IFS(C28<30,"Under 30",C28<40,"30-39",C28<50,"40-49",TRUE,"50+") | V28: =IFS(O28<60000,"Low (<60k)",O28<100000,"Mid (60-100k)",TRUE,"High (100k+)") | W28: =IF(M28="No","Attrited","Active")
A29: E00028 | B29: Female | C29: 35 | D29: Married | E29: PhD | F29: Research & Development | G29: Data Scientist | H29: 3 | I29: Remote | J29: Full-Time | K29: 44013 | M29: Yes | O29: 131500 | P29: 0 | Q29: 5 | R29: 4 | S29: 66 | T29: 0 | U29: =IFS(C29<30,"Under 30",C29<40,"30-39",C29<50,"40-49",TRUE,"50+") | V29: =IFS(O29<60000,"Low (<60k)",O29<100000,"Mid (60-100k)",TRUE,"High (100k+)") | W29: =IF(M29="No","Attrited","Active")
A30: E00029 | B30: Female | C30: 29 | D30: Divorced | E30: Bachelor | F30: Human Resources | G30: Recruiter | H30: 2 | I30: Chennai | J30: Full-Time | K30: 44608 | M30: Yes | O30: 63000 | P30: 5 | Q30: 3 | R30: 7 | S30: 47 | T30: 5 | U30: =IFS(C30<30,"Under 30",C30<40,"30-39",C30<50,"40-49",TRUE,"50+") | V30: =IFS(O30<60000,"Low (<60k)",O30<100000,"Mid (60-100k)",TRUE,"High (100k+)") | W30: =IF(M30="No","Attrited","Active")
A31: E00030 | B31: Female | C31: 31 | D31: Single | E31: Bachelor | F31: Sales | G31: Sales Executive | H31: 1 | I31: Mumbai | J31: Full-Time | K31: 44530 | M31: Yes | O31: 92500 | P31: 10 | Q31: 3 | R31: 7 | S31: 49 | T31: 6 | U31: =IFS(C31<30,"Under 30",C31<40,"30-39",C31<50,"40-49",TRUE,"50+") | V31: =IFS(O31<60000,"Low (<60k)",O31<100000,"Mid (60-100k)",TRUE,"High (100k+)") | W31: =IF(M31="No","Attrited","Active")
A32: E00031 | B32: Male | C32: 26 | D32: Married | E32: Master | F32: Human Resources | G32: HR Analyst | H32: 2 | I32: Delhi | J32: Full-Time | K32: 46010 | M32: Yes | O32: 82000 | P32: 5 | Q32: 5 | R32: 2 | S32: 1 | T32: 7 | U32: =IFS(C32<30,"Under 30",C32<40,"30-39",C32<50,"40-49",TRUE,"50+") | V32: =IFS(O32<60000,"Low (<60k)",O32<100000,"Mid (60-100k)",TRUE,"High (100k+)") | W32: =IF(M32="No","Attrited","Active")
A33: E00032 | B33: Female | C33: 36 | D33: Married | E33: Diploma | F33: IT | G33: DevOps Engineer | H33: 4 | I33: Mumbai | J33: Full-Time | K33: 45956 | M33: Yes | O33: 195500 | P33: 10 | Q33: 5 | R33: 6 | S33: 2 | T33: 7 | U33: =IFS(C33<30,"Under 30",C33<40,"30-39",C33<50,"40-49",TRUE,"50+") | V33: =IFS(O33<60000,"Low (<60k)",O33<100000,"Mid (60-100k)",TRUE,"High (100k+)") | W33: =IF(M33="No","Attrited","Active")
A34: E00033 | B34: Female | C34: 36 | D34: Married | E34: Bachelor | F34: Operations | G34: Quality Analyst | H34: 2 | I34: Hyderabad | J34: Full-Time | K34: 45162 | L34: 45288 | M34: No | N34: Retirement | O34: 86000 | P34: 15 | Q34: 4 | R34: 4 | S34: 4 | T34: 6 | U34: =IFS(C34<30,"Under 30",C34<40,"30-39",C34<50,"40-49",TRUE,"50+") | V34: =IFS(O34<60000,"Low (<60k)",O34<100000,"Mid (60-100k)",TRUE,"High (100k+)") | W34: =IF(M34="No","Attrited","Active")
A35: E00034 | B35: Female | C35: 39 | D35: Single | E35: Bachelor | F35: IT | G35: IT Support | H35: 4 | I35: Mumbai | J35: Full-Time | K35: 45394 | M35: Yes | O35: 144000 | P35: 15 | Q35: 4 | R35: 5 | S35: 20 | T35: 8 | U35: =IFS(C35<30,"Under 30",C35<40,"30-39",C35<50,"40-49",TRUE,"50+") | V35: =IFS(O35<60000,"Low (<60k)",O35<100000,"Mid (60-100k)",TRUE,"High (100k+)") | W35: =IF(M35="No","Attrited","Active")
A36: E00035 | B36: Female | C36: 33 | D36: Single | E36: Master | F36: Research & Development | G36: Product Engineer | H36: 4 | I36: Remote | J36: Full-Time | K36: 45189 | L36: 45257 | M36: No | N36: Relocation | O36: 207500 | P36: 10 | Q36: 3 | R36: 4 | S36: 2 | T36: 7 | U36: =IFS(C36<30,"Under 30",C36<40,"30-39",C36<50,"40-49",TRUE,"50+") | V36: =IFS(O36<60000,"Low (<60k)",O36<100000,"Mid (60-100k)",TRUE,"High (100k+)") | W36: =IF(M36="No","Attrited","Active")
A37: E00036 | B37: Female | C37: 27 | D37: Married | E37: Master | F37: IT | G37: DevOps Engineer | H37: 3 | I37: Hyderabad | J37: Full-Time | K37: 45947 | M37: Yes | O37: 128000 | P37: 0 | Q37: 5 | R37: 6 | S37: 2 | T37: 5 | U37: =IFS(C37<30,"Under 30",C37<40,"30-39",C37<50,"40-49",TRUE,"50+") | V37: =IFS(O37<60000,"Low (<60k)",O37<100000,"Mid (60-100k)",TRUE,"High (100k+)") | W37: =IF(M37="No","Attrited","Active")
A38: E00037 | B38: Female | C38: 37 | D38: Single | E38: Diploma | F38: Executive | G38: CEO | H38: 3 | I38: Chennai | J38: Full-Time | K38: 45218 | M38: Yes | O38: 258500 | P38: 0 | Q38: 5 | R38: 6 | S38: 26 | T38: 7 | U38: =IFS(C38<30,"Under 30",C38<40,"30-39",C38<50,"40-49",TRUE,"50+") | V38: =IFS(O38<60000,"Low (<60k)",O38<100000,"Mid (60-100k)",TRUE,"High (100k+)") | W38: =IF(M38="No","Attrited","Active")
A39: E00038 | B39: Male | C39: 28 | D39: Single | E39: Bachelor | F39: Research & Development | G39: Research Scientist | H39: 2 | I39: Hyderabad | J39: Full-Time | K39: 43877 | M39: Yes | O39: 112000 | P39: 5 | Q39: 5 | R39: 7 | S39: 71 | T39: 14 | U39: =IFS(C39<30,"Under 30",C39<40,"30-39",C39<50,"40-49",TRUE,"50+") | V39: =IFS(O39<60000,"Low (<60k)",O39<100000,"Mid (60-100k)",TRUE,"High (100k+)") | W39: =IF(M39="No","Attrited","Active")
A40: E00039 | B40: Female | C40: 30 | D40: Married | E40: Bachelor | F40: Human Resources | G40: HR Analyst | H40: 3 | I40: Bengaluru | J40: Part-Time | K40: 44013 | M40: Yes | O40: 90500 | P40: 5 | Q40: 5 | R40: 8 | S40: 66 | T40: 1 | U40: =IFS(C40<30,"Under 30",C40<40,"30-39",C40<50,"40-49",TRUE,"50+") | V40: =IFS(O40<60000,"Low (<60k)",O40<100000,"Mid (60-100k)",TRUE,"High (100k+)") | W40: =IF(M40="No","Attrited","Active")
A41: E00040 | B41: Male | C41: 28 | D41: Married | E41: Master | F41: Sales | G41: Sales Executive | H41: 1 | I41: Delhi | J41: Full-Time | K41: 43981 | L41: 44065 | M41: No | N41: Resigned | O41: 99500 | P41: 0 | Q41: 3 | R41: 6 | S41: 2 | T41: 2 | U41: =IFS(C41<30,"Under 30",C41<40,"30-39",C41<50,"40-49",TRUE,"50+") | V41: =IFS(O41<60000,"Low (<60k)",O41<100000,"Mid (60-100k)",TRUE,"High (100k+)") | W41: =IF(M41="No","Attrited","Active")
A42: E00041 | B42: Male | C42: 44 | D42: Single | E42: PhD | F42: Sales | G42: Account Executive | H42: 7 | I42: Mumbai | J42: Full-Time | K42: 45915 | M42: Yes | O42: 140500 | P42: 0 | Q42: 2 | R42: 4 | S42: 3 | T42: 5 | U42: =IFS(C42<30,"Under 30",C42<40,"30-39",C42<50,"40-49",TRUE,"50+") | V42: =IFS(O42<60000,"Low (<60k)",O42<100000,"Mid (60-100k)",TRUE,"High (100k+)") | W42: =IF(M42="No","Attrited","Active")
A43: E00042 | B43: Male | C43: 33 | D43: Married | E43: Bachelor | F43: Research & Development | G43: Product Engineer | H43: 3 | I43: Remote | J43: Full-Time | K43: 44885 | L43: 44963 | M43: No | N43: Resigned | O43: 141000 | P43: 5 | Q43: 4 | R43: 10 | S43: 2 | T43: 0 | U43: =IFS(C43<30,"Under 30",C43<40,"30-39",C43<50,"40-49",TRUE,"50+") | V43: =IFS(O43<60000,"Low (<60k)",O43<100000,"Mid (60-100k)",TRUE,"High (100k+)") | W43: =IF(M43="No","Attrited","Active")
A44: E00043 | B44: Male | C44: 36 | D44: Married | E44: Diploma | F44: Human Resources | G44: HR Analyst | H44: 5 | I44: Remote | J44: Full-Time | K44: 45832 | M44: Yes | O44: 100500 | P44: 5 | Q44: 3 | R44: 5 | S44: 6 | T44: 0 | U44: =IFS(C44<30,"Under 30",C44<40,"30-39",C44<50,"40-49",TRUE,"50+") | V44: =IFS(O44<60000,"Low (<60k)",O44<100000,"Mid (60-100k)",TRUE,"High (100k+)") | W44: =IF(M44="No","Attrited","Active")
A45: E00044 | B45: Male | C45: 29 | D45: Married | E45: Diploma | F45: Customer Support | G45: Support Agent | H45: 2 | I45: Remote | J45: Contract | K45: 44081 | M45: Yes | O45: 60500 | P45: 5 | Q45: 5 | R45: 7 | S45: 64 | T45: 10 | U45: =IFS(C45<30,"Under 30",C45<40,"30-39",C45<50,"40-49",TRUE,"50+") | V45: =IFS(O45<60000,"Low (<60k)",O45<100000,"Mid (60-100k)",TRUE,"High (100k+)") | W45: =IF(M45="No","Attrited","Active")
A46: E00045 | B46: Female | C46: 35 | D46: Single | E46: Bachelor | F46: Operations | G46: Quality Analyst | H46: 3 | I46: Mumbai | J46: Full-Time | K46: 44461 | M46: Yes | O46: 76000 | P46: 10 | Q46: 5 | R46: 5 | S46: 52 | T46: 12 | U46: =IFS(C46<30,"Under 30",C46<40,"30-39",C46<50,"40-49",TRUE,"50+") | V46: =IFS(O46<60000,"Low (<60k)",O46<100000,"Mid (60-100k)",TRUE,"High (100k+)") | W46: =IF(M46="No","Attrited","Active")
A47: E00046 | B47: Male | C47: 28 | D47: Married | E47: High School | F47: Finance | G47: Financial Analyst | H47: 1 | I47: Hyderabad | J47: Full-Time | K47: 45912 | L47: 46021 | M47: No | N47: Resigned | O47: 102500 | P47: 0 | Q47: 4 | R47: 5 | S47: 3 | T47: 0 | U47: =IFS(C47<30,"Under 30",C47<40,"30-39",C47<50,"40-49",TRUE,"50+") | V47: =IFS(O47<60000,"Low (<60k)",O47<100000,"Mid (60-100k)",TRUE,"High (100k+)") | W47: =IF(M47="No","Attrited","Active")
A48: E00047 | B48: Female | C48: 35 | D48: Married | E48: Bachelor | F48: IT | G48: Data Analyst | H48: 2 | I48: Remote | J48: Full-Time | K48: 45605 | M48: Yes | O48: 126000 | P48: 5 | Q48: 5 | R48: 6 | S48: 13 | T48: 9 | U48: =IFS(C48<30,"Under 30",C48<40,"30-39",C48<50,"40-49",TRUE,"50+") | V48: =IFS(O48<60000,"Low (<60k)",O48<100000,"Mid (60-100k)",TRUE,"High (100k+)") | W48: =IF(M48="No","Attrited","Active")
A49: E00048 | B49: Male | C49: 28 | D49: Single | E49: Diploma | F49: Research & Development | G49: Product Engineer | H49: 3 | I49: Remote | J49: Part-Time | K49: 45635 | M49: Yes | O49: 152000 | P49: 10 | Q49: 5 | R49: 6 | S49: 12 | T49: 9 | U49: =IFS(C49<30,"Under 30",C49<40,"30-39",C49<50,"40-49",TRUE,"50+") | V49: =IFS(O49<60000,"Low (<60k)",O49<100000,"Mid (60-100k)",TRUE,"High (100k+)") | W49: =IF(M49="No","Attrited","Active")
A50: E00049 | B50: Female | C50: 25 | D50: Married | E50: Bachelor | F50: Human Resources | G50: Recruiter | H50: 1 | I50: Hyderabad | J50: Full-Time | K50: 45606 | M50: Yes | O50: 70500 | P50: 0 | Q50: 4 | R50: 9 | S50: 13 | T50: 0 | U50: =IFS(C50<30,"Under 30",C50<40,"30-39",C50<50,"40-49",TRUE,"50+") | V50: =IFS(O50<60000,"Low (<60k)",O50<100000,"Mid (60-100k)",TRUE,"High (100k+)") | W50: =IF(M50="No","Attrited","Active")
A51: E00050 | B51: Female | C51: 32 | D51: Divorced | E51: High School | F51: Finance | G51: Financial Analyst | H51: 3 | I51: Hyderabad | J51: Contract | K51: 44396 | M51: Yes | O51: 127000 | P51: 0 | Q51: 4 | R51: 4 | S51: 54 | T51: 0 | U51: =IFS(C51<30,"Under 30",C51<40,"30-39",C51<50,"40-49",TRUE,"50+") | V51: =IFS(O51<60000,"Low (<60k)",O51<100000,"Mid (60-100k)",TRUE,"High (100k+)") | W51: =IF(M51="No","Attrited","Active")
A52: E00051 | B52: Male | C52: 32 | D52: Married | E52: PhD | F52: Operations | G52: Quality Analyst | H52: 5 | I52: Hyderabad | J52: Contract | K52: 45750 | L52: 45900 | M52: No | N52: Resigned | O52: 124000 | P52: 5 | Q52: 5 | R52: 6 | S52: 5 | T52: 8 | U52: =IFS(C52<30,"Under 30",C52<40,"30-39",C52<50,"40-49",TRUE,"50+") | V52: =IFS(O52<60000,"Low (<60k)",O52<100000,"Mid (60-100k)",TRUE,"High (100k+)") | W52: =IF(M52="No","Attrited","Active")
A53: E00052 | B53: Male | C53: 35 | D53: Married | E53: PhD | F53: Marketing | G53: Marketing Analyst | H53: 6 | I53: Delhi | J53: Full-Time | K53: 45791 | M53: Yes | O53: 88500 | P53: 0 | Q53: 2 | R53: 5 | S53: 7 | T53: 8 | U53: =IFS(C53<30,"Under 30",C53<40,"30-39",C53<50,"40-49",TRUE,"50+") | V53: =IFS(O53<60000,"Low (<60k)",O53<100000,"Mid (60-100k)",TRUE,"High (100k+)") | W53: =IF(M53="No","Attrited","Active")
A54: E00053 | B54: Female | C54: 38 | D54: Single | E54: Diploma | F54: Sales | G54: Account Executive | H54: 7 | I54: Chennai | J54: Full-Time | K54: 45202 | M54: Yes | O54: 158000 | P54: 10 | Q54: 3 | R54: 8 | S54: 27 | T54: 0 | U54: =IFS(C54<30,"Under 30",C54<40,"30-39",C54<50,"40-49",TRUE,"50+") | V54: =IFS(O54<60000,"Low (<60k)",O54<100000,"Mid (60-100k)",TRUE,"High (100k+)") | W54: =IF(M54="No","Attrited","Active")
A55: E00054 | B55: Male | C55: 36 | D55: Married | E55: PhD | F55: Operations | G55: Operations Analyst | H55: 3 | I55: Bengaluru | J55: Part-Time | K55: 44585 | M55: Yes | O55: 112500 | P55: 5 | Q55: 3 | R55: 4 | S55: 47 | T55: 4 | U55: =IFS(C55<30,"Under 30",C55<40,"30-39",C55<50,"40-49",TRUE,"50+") | V55: =IFS(O55<60000,"Low (<60k)",O55<100000,"Mid (60-100k)",TRUE,"High (100k+)") | W55: =IF(M55="No","Attrited","Active")
A56: E00055 | B56: Male | C56: 32 | D56: Married | E56: Master | F56: Customer Support | G56: Escalation Specialist | H56: 3 | I56: Hyderabad | J56: Full-Time | K56: 44925 | L56: 45044 | M56: No | N56: Resigned | O56: 69000 | P56: 0 | Q56: 4 | R56: 2 | S56: 3 | T56: 4 | U56: =IFS(C56<30,"Under 30",C56<40,"30-39",C56<50,"40-49",TRUE,"50+") | V56: =IFS(O56<60000,"Low (<60k)",O56<100000,"Mid (60-100k)",TRUE,"High (100k+)") | W56: =IF(M56="No","Attrited","Active")
A57: E00056 | B57: Female | C57: 25 | D57: Single | E57: High School | F57: Customer Support | G57: Support Lead | H57: 2 | I57: Mumbai | J57: Full-Time | K57: 44285 | L57: 44369 | M57: No | N57: Retirement | O57: 57000 | P57: 0 | Q57: 3 | R57: 9 | S57: 2 | T57: 9 | U57: =IFS(C57<30,"Under 30",C57<40,"30-39",C57<50,"40-49",TRUE,"50+") | V57: =IFS(O57<60000,"Low (<60k)",O57<100000,"Mid (60-100k)",TRUE,"High (100k+)") | W57: =IF(M57="No","Attrited","Active")
A58: E00057 | B58: Male | C58: 34 | D58: Married | E58: Master | F58: Customer Support | G58: Escalation Specialist | H58: 4 | I58: Delhi | J58: Full-Time | K58: 44304 | M58: Yes | O58: 83500 | P58: 15 | Q58: 5 | R58: 9 | S58: 57 | T58: 4 | U58: =IFS(C58<30,"Under 30",C58<40,"30-39",C58<50,"40-49",TRUE,"50+") | V58: =IFS(O58<60000,"Low (<60k)",O58<100000,"Mid (60-100k)",TRUE,"High (100k+)") | W58: =IF(M58="No","Attrited","Active")
A59: E00058 | B59: Male | C59: 26 | D59: Married | E59: PhD | F59: Finance | G59: Credit Analyst | H59: 1 | I59: Chennai | J59: Full-Time | K59: 45024 | M59: Yes | O59: 67500 | P59: 10 | Q59: 1 | R59: 6 | S59: 33 | T59: 4 | U59: =IFS(C59<30,"Under 30",C59<40,"30-39",C59<50,"40-49",TRUE,"50+") | V59: =IFS(O59<60000,"Low (<60k)",O59<100000,"Mid (60-100k)",TRUE,"High (100k+)") | W59: =IF(M59="No","Attrited","Active")
A60: E00059 | B60: Male | C60: 30 | D60: Single | E60: Diploma | F60: Operations | G60: Operations Analyst | H60: 3 | I60: Chennai | J60: Full-Time | K60: 44805 | L60: 44838 | M60: No | N60: Retirement | O60: 93000 | P60: 0 | Q60: 4 | R60: 5 | S60: 1 | T60: 7 | U60: =IFS(C60<30,"Under 30",C60<40,"30-39",C60<50,"40-49",TRUE,"50+") | V60: =IFS(O60<60000,"Low (<60k)",O60<100000,"Mid (60-100k)",TRUE,"High (100k+)") | W60: =IF(M60="No","Attrited","Active")
A61: E00060 | B61: Male | C61: 35 | D61: Married | E61: Master | F61: Operations | G61: Logistics Coordinator | H61: 2 | I61: Remote | J61: Full-Time | K61: 44647 | L61: 44748 | M61: No | N61: Retirement | O61: 100500 | P61: 20 | Q61: 4 | R61: 6 | S61: 3 | T61: 6 | U61: =IFS(C61<30,"Under 30",C61<40,"30-39",C61<50,"40-49",TRUE,"50+") | V61: =IFS(O61<60000,"Low (<60k)",O61<100000,"Mid (60-100k)",TRUE,"High (100k+)") | W61: =IF(M61="No","Attrited","Active")
A62: E00061 | B62: Female | C62: 31 | D62: Married | E62: Bachelor | F62: Sales | G62: Account Executive | H62: 1 | I62: Delhi | J62: Full-Time | K62: 44441 | M62: Yes | O62: 83000 | P62: 5 | Q62: 3 | R62: 8 | S62: 52 | T62: 6 | U62: =IFS(C62<30,"Under 30",C62<40,"30-39",C62<50,"40-49",TRUE,"50+") | V62: =IFS(O62<60000,"Low (<60k)",O62<100000,"Mid (60-100k)",TRUE,"High (100k+)") | W62: =IF(M62="No","Attrited","Active")
A63: E00062 | B63: Male | C63: 26 | D63: Divorced | E63: Bachelor | F63: Sales | G63: Sales Executive | H63: 1 | I63: Remote | J63: Full-Time | K63: 43917 | M63: Yes | O63: 68000 | P63: 10 | Q63: 5 | R63: 4 | S63: 70 | T63: 1 | U63: =IFS(C63<30,"Under 30",C63<40,"30-39",C63<50,"40-49",TRUE,"50+") | V63: =IFS(O63<60000,"Low (<60k)",O63<100000,"Mid (60-100k)",TRUE,"High (100k+)") | W63: =IF(M63="No","Attrited","Active")
A64: E00063 | B64: Male | C64: 33 | D64: Single | E64: PhD | F64: Sales | G64: Business Development | H64: 1 | I64: Bengaluru | J64: Full-Time | K64: 44549 | M64: Yes | O64: 90500 | P64: 0 | Q64: 4 | R64: 8 | S64: 49 | T64: 3 | U64: =IFS(C64<30,"Under 30",C64<40,"30-39",C64<50,"40-49",TRUE,"50+") | V64: =IFS(O64<60000,"Low (<60k)",O64<100000,"Mid (60-100k)",TRUE,"High (100k+)") | W64: =IF(M64="No","Attrited","Active")
A65: E00064 | B65: Female | C65: 32 | D65: Married | E65: High School | F65: Operations | G65: Logistics Coordinator | H65: 1 | I65: Hyderabad | J65: Full-Time | K65: 44435 | L65: 44472 | M65: No | N65: Resigned | O65: 80500 | P65: 0 | Q65: 3 | R65: 7 | S65: 1 | T65: 12 | U65: =IFS(C65<30,"Under 30",C65<40,"30-39",C65<50,"40-49",TRUE,"50+") | V65: =IFS(O65<60000,"Low (<60k)",O65<100000,"Mid (60-100k)",TRUE,"High (100k+)") | W65: =IF(M65="No","Attrited","Active")
A66: E00065 | B66: Male | C66: 33 | D66: Single | E66: Bachelor | F66: Operations | G66: Logistics Coordinator | H66: 4 | I66: Remote | J66: Full-Time | K66: 44952 | M66: Yes | O66: 99000 | P66: 0 | Q66: 3 | R66: 6 | S66: 35 | T66: 0 | U66: =IFS(C66<30,"Under 30",C66<40,"30-39",C66<50,"40-49",TRUE,"50+") | V66: =IFS(O66<60000,"Low (<60k)",O66<100000,"Mid (60-100k)",TRUE,"High (100k+)") | W66: =IF(M66="No","Attrited","Active")
A67: E00066 | B67: Female | C67: 24 | D67: Married | E67: Bachelor | F67: IT | G67: DevOps Engineer | H67: 1 | I67: Hyderabad | J67: Full-Time | K67: 45483 | M67: Yes | O67: 96000 | P67: 5 | Q67: 3 | R67: 7 | S67: 17 | T67: 9 | U67: =IFS(C67<30,"Under 30",C67<40,"30-39",C67<50,"40-49",TRUE,"50+") | V67: =IFS(O67<60000,"Low (<60k)",O67<100000,"Mid (60-100k)",TRUE,"High (100k+)") | W67: =IF(M67="No","Attrited","Active")
A68: E00067 | B68: Female | C68: 32 | D68: Married | E68: PhD | F68: Human Resources | G68: Recruiter | H68: 1 | I68: Bengaluru | J68: Full-Time | K68: 44824 | M68: Yes | O68: 60000 | P68: 20 | Q68: 5 | R68: 5 | S68: 39 | T68: 17 | U68: =IFS(C68<30,"Under 30",C68<40,"30-39",C68<50,"40-49",TRUE,"50+") | V68: =IFS(O68<60000,"Low (<60k)",O68<100000,"Mid (60-100k)",TRUE,"High (100k+)") | W68: =IF(M68="No","Attrited","Active")
A69: E00068 | B69: Female | C69: 29 | D69: Married | E69: PhD | F69: Customer Support | G69: Escalation Specialist | H69: 2 | I69: Chennai | J69: Full-Time | K69: 43979 | M69: Yes | O69: 80500 | P69: 15 | Q69: 5 | R69: 6 | S69: 68 | T69: 15 | U69: =IFS(C69<30,"Under 30",C69<40,"30-39",C69<50,"40-49",TRUE,"50+") | V69: =IFS(O69<60000,"Low (<60k)",O69<100000,"Mid (60-100k)",TRUE,"High (100k+)") | W69: =IF(M69="No","Attrited","Active")
A70: E00069 | B70: Male | C70: 37 | D70: Married | E70: Master | F70: Customer Support | G70: Support Lead | H70: 4 | I70: Bengaluru | J70: Full-Time | K70: 45265 | M70: Yes | O70: 102500 | P70: 15 | Q70: 3 | R70: 4 | S70: 25 | T70: 9 | U70: =IFS(C70<30,"Under 30",C70<40,"30-39",C70<50,"40-49",TRUE,"50+") | V70: =IFS(O70<60000,"Low (<60k)",O70<100000,"Mid (60-100k)",TRUE,"High (100k+)") | W70: =IF(M70="No","Attrited","Active")
A71: E00070 | B71: Male | C71: 32 | D71: Single | E71: Master | F71: Finance | G71: Financial Analyst | H71: 1 | I71: Delhi | J71: Full-Time | K71: 43950 | M71: Yes | O71: 83000 | P71: 5 | Q71: 3 | R71: 7 | S71: 69 | T71: 5 | U71: =IFS(C71<30,"Under 30",C71<40,"30-39",C71<50,"40-49",TRUE,"50+") | V71: =IFS(O71<60000,"Low (<60k)",O71<100000,"Mid (60-100k)",TRUE,"High (100k+)") | W71: =IF(M71="No","Attrited","Active")
A72: E00071 | B72: Male | C72: 37 | D72: Married | E72: Master | F72: Marketing | G72: SEO Specialist | H72: 3 | I72: Delhi | J72: Full-Time | K72: 45704 | L72: 45780 | M72: No | N72: Retirement | O72: 111500 | P72: 10 | Q72: 2 | R72: 6 | S72: 2 | T72: 11 | U72: =IFS(C72<30,"Under 30",C72<40,"30-39",C72<50,"40-49",TRUE,"50+") | V72: =IFS(O72<60000,"Low (<60k)",O72<100000,"Mid (60-100k)",TRUE,"High (100k+)") | W72: =IF(M72="No","Attrited","Active")
A73: E00072 | B73: Male | C73: 39 | D73: Married | E73: PhD | F73: Customer Support | G73: Support Agent | H73: 5 | I73: Hyderabad | J73: Full-Time | K73: 44263 | L73: 44362 | M73: No | N73: Retirement | O73: 77500 | P73: 5 | Q73: 5 | R73: 5 | S73: 3 | T73: 9 | U73: =IFS(C73<30,"Under 30",C73<40,"30-39",C73<50,"40-49",TRUE,"50+") | V73: =IFS(O73<60000,"Low (<60k)",O73<100000,"Mid (60-100k)",TRUE,"High (100k+)") | W73: =IF(M73="No","Attrited","Active")
A74: E00073 | B74: Female | C74: 28 | D74: Married | E74: Bachelor | F74: Finance | G74: Credit Analyst | H74: 3 | I74: Remote | J74: Full-Time | K74: 44367 | M74: Yes | O74: 149000 | P74: 5 | Q74: 3 | R74: 8 | S74: 55 | T74: 8 | U74: =IFS(C74<30,"Under 30",C74<40,"30-39",C74<50,"40-49",TRUE,"50+") | V74: =IFS(O74<60000,"Low (<60k)",O74<100000,"Mid (60-100k)",TRUE,"High (100k+)") | W74: =IF(M74="No","Attrited","Active")
A75: E00074 | B75: Male | C75: 27 | D75: Married | E75: Bachelor | F75: IT | G75: Software Engineer | H75: 2 | I75: Delhi | J75: Full-Time | K75: 45977 | L75: 45992 | M75: No | N75: Retirement | O75: 153000 | P75: 5 | Q75: 1 | R75: 8 | S75: 1 | T75: 12 | U75: =IFS(C75<30,"Under 30",C75<40,"30-39",C75<50,"40-49",TRUE,"50+") | V75: =IFS(O75<60000,"Low (<60k)",O75<100000,"Mid (60-100k)",TRUE,"High (100k+)") | W75: =IF(M75="No","Attrited","Active")
A76: E00075 | B76: Male | C76: 36 | D76: Married | E76: Bachelor | F76: Customer Support | G76: Support Agent | H76: 3 | I76: Delhi | J76: Full-Time | K76: 45512 | M76: Yes | O76: 63000 | P76: 10 | Q76: 3 | R76: 4 | S76: 17 | T76: 9 | U76: =IFS(C76<30,"Under 30",C76<40,"30-39",C76<50,"40-49",TRUE,"50+") | V76: =IFS(O76<60000,"Low (<60k)",O76<100000,"Mid (60-100k)",TRUE,"High (100k+)") | W76: =IF(M76="No","Attrited","Active")
A77: E00076 | B77: Female | C77: 29 | D77: Married | E77: PhD | F77: Marketing | G77: Content Writer | H77: 2 | I77: Mumbai | J77: Full-Time | K77: 44862 | M77: Yes | O77: 74000 | P77: 5 | Q77: 3 | R77: 9 | S77: 38 | T77: 2 | U77: =IFS(C77<30,"Under 30",C77<40,"30-39",C77<50,"40-49",TRUE,"50+") | V77: =IFS(O77<60000,"Low (<60k)",O77<100000,"Mid (60-100k)",TRUE,"High (100k+)") | W77: =IF(M77="No","Attrited","Active")
A78: E00077 | B78: Female | C78: 38 | D78: Married | E78: High School | F78: Research & Development | G78: Product Engineer | H78: 3 | I78: Bengaluru | J78: Part-Time | K78: 43838 | M78: Yes | O78: 156500 | P78: 5 | Q78: 3 | R78: 8 | S78: 72 | T78: 1 | U78: =IFS(C78<30,"Under 30",C78<40,"30-39",C78<50,"40-49",TRUE,"50+") | V78: =IFS(O78<60000,"Low (<60k)",O78<100000,"Mid (60-100k)",TRUE,"High (100k+)") | W78: =IF(M78="No","Attrited","Active")
A79: E00078 | B79: Male | C79: 36 | D79: Married | E79: Master | F79: Sales | G79: Account Executive | H79: 3 | I79: Delhi | J79: Full-Time | K79: 45594 | M79: Yes | O79: 125500 | P79: 10 | Q79: 3 | R79: 8 | S79: 14 | T79: 6 | U79: =IFS(C79<30,"Under 30",C79<40,"30-39",C79<50,"40-49",TRUE,"50+") | V79: =IFS(O79<60000,"Low (<60k)",O79<100000,"Mid (60-100k)",TRUE,"High (100k+)") | W79: =IF(M79="No","Attrited","Active")
A80: E00079 | B80: Female | C80: 35 | D80: Single | E80: Diploma | F80: Customer Support | G80: Support Lead | H80: 3 | I80: Delhi | J80: Full-Time | K80: 43925 | M80: Yes | O80: 66000 | P80: 15 | Q80: 4 | R80: 7 | S80: 69 | T80: 9 | U80: =IFS(C80<30,"Under 30",C80<40,"30-39",C80<50,"40-49",TRUE,"50+") | V80: =IFS(O80<60000,"Low (<60k)",O80<100000,"Mid (60-100k)",TRUE,"High (100k+)") | W80: =IF(M80="No","Attrited","Active")
A81: E00080 | B81: Male | C81: 38 | D81: Married | E81: Diploma | F81: IT | G81: Software Engineer | H81: 4 | I81: Delhi | J81: Contract | K81: 44150 | M81: Yes | O81: 177000 | P81: 0 | Q81: 4 | R81: 8 | S81: 62 | T81: 10 | U81: =IFS(C81<30,"Under 30",C81<40,"30-39",C81<50,"40-49",TRUE,"50+") | V81: =IFS(O81<60000,"Low (<60k)",O81<100000,"Mid (60-100k)",TRUE,"High (100k+)") | W81: =IF(M81="No","Attrited","Active")
A82: E00081 | B82: Female | C82: 46 | D82: Married | E82: Bachelor | F82: Research & Development | G82: Research Scientist | H82: 7 | I82: Chennai | J82: Full-Time | K82: 44104 | M82: Yes | O82: 274000 | P82: 10 | Q82: 4 | R82: 8 | S82: 63 | T82: 7 | U82: =IFS(C82<30,"Under 30",C82<40,"30-39",C82<50,"40-49",TRUE,"50+") | V82: =IFS(O82<60000,"Low (<60k)",O82<100000,"Mid (60-100k)",TRUE,"High (100k+)") | W82: =IF(M82="No","Attrited","Active")
A83: E00082 | B83: Female | C83: 27 | D83: Married | E83: Master | F83: Human Resources | G83: HR Generalist | H83: 2 | I83: Remote | J83: Full-Time | K83: 45638 | M83: Yes | O83: 99000 | P83: 0 | Q83: 3 | R83: 8 | S83: 12 | T83: 2 | U83: =IFS(C83<30,"Under 30",C83<40,"30-39",C83<50,"40-49",TRUE,"50+") | V83: =IFS(O83<60000,"Low (<60k)",O83<100000,"Mid (60-100k)",TRUE,"High (100k+)") | W83: =IF(M83="No","Attrited","Active")
A84: E00083 | B84: Female | C84: 30 | D84: Single | E84: Bachelor | F84: Customer Support | G84: Support Lead | H84: 4 | I84: Delhi | J84: Full-Time | K84: 44432 | M84: Yes | O84: 84000 | P84: 0 | Q84: 4 | R84: 5 | S84: 53 | T84: 8 | U84: =IFS(C84<30,"Under 30",C84<40,"30-39",C84<50,"40-49",TRUE,"50+") | V84: =IFS(O84<60000,"Low (<60k)",O84<100000,"Mid (60-100k)",TRUE,"High (100k+)") | W84: =IF(M84="No","Attrited","Active")
A85: E00084 | B85: Male | C85: 29 | D85: Married | E85: High School | F85: IT | G85: IT Support | H85: 1 | I85: Bengaluru | J85: Full-Time | K85: 44253 | M85: Yes | O85: 88000 | P85: 5 | Q85: 5 | R85: 6 | S85: 58 | T85: 5 | U85: =IFS(C85<30,"Under 30",C85<40,"30-39",C85<50,"40-49",TRUE,"50+") | V85: =IFS(O85<60000,"Low (<60k)",O85<100000,"Mid (60-100k)",TRUE,"High (100k+)") | W85: =IF(M85="No","Attrited","Active")
A86: E00085 | B86: Male | C86: 36 | D86: Married | E86: PhD | F86: Customer Support | G86: Support Agent | H86: 4 | I86: Remote | J86: Full-Time | K86: 44286 | M86: Yes | O86: 68500 | P86: 0 | Q86: 4 | R86: 7 | S86: 57 | T86: 0 | U86: =IFS(C86<30,"Under 30",C86<40,"30-39",C86<50,"40-49",TRUE,"50+") | V86: =IFS(O86<60000,"Low (<60k)",O86<100000,"Mid (60-100k)",TRUE,"High (100k+)") | W86: =IF(M86="No","Attrited","Active")
A87: E00086 | B87: Male | C87: 34 | D87: Divorced | E87: Bachelor | F87: Operations | G87: Operations Analyst | H87: 4 | I87: Mumbai | J87: Full-Time | K87: 45759 | M87: Yes | O87: 97000 | P87: 20 | Q87: 4 | R87: 8 | S87: 8 | T87: 1 | U87: =IFS(C87<30,"Under 30",C87<40,"30-39",C87<50,"40-49",TRUE,"50+") | V87: =IFS(O87<60000,"Low (<60k)",O87<100000,"Mid (60-100k)",TRUE,"High (100k+)") | W87: =IF(M87="No","Attrited","Active")
... A91: E00090 | B91: Male | C91: 30 | D91: Married | E91: High School | F91: Finance | G91: Credit Analyst | H91: 2 | I91: Hyderabad | J91: Full-Time | K91: 45587 | M91: Yes | O91: 120000 | P91: 5 | Q91: 3 | R91: 8 | S91: 14 | T91: 3 | U91: =IFS(C91<30,"Under 30",C91<40,"30-39",C91<50,"40-49",TRUE,"50+") | V91: =IFS(O91<60000,"Low (<60k)",O91<100000,"Mid (60-100k)",TRUE,"High (100k+)") | W91: =IF(M91="No","Attrited","Active")
A92: E00091 | B92: Male | C92: 27 | D92: Married | E92: Diploma | F92: Research & Development | G92: Research Scientist | H92: 3 | I92: Hyderabad | J92: Part-Time | K92: 45738 | L92: 45842 | M92: No | N92: Resigned | O92: 205000 | P92: 15 | Q92: 4 | R92: 7 | S92: 3 | T92: 0 | U92: =IFS(C92<30,"Under 30",C92<40,"30-39",C92<50,"40-49",TRUE,"50+") | V92: =IFS(O92<60000,"Low (<60k)",O92<100000,"Mid (60-100k)",TRUE,"High (100k+)") | W92: =IF(M92="No","Attrited","Active")
A93: E00092 | B93: Male | C93: 42 | D93: Married | E93: PhD | F93: Sales | G93: Account Executive | H93: 7 | I93: Bengaluru | J93: Full-Time | K93: 44754 | M93: Yes | O93: 154500 | P93: 0 | Q93: 5 | R93: 7 | S93: 42 | T93: 6 | U93: =IFS(C93<30,"Under 30",C93<40,"30-39",C93<50,"40-49",TRUE,"50+") | V93: =IFS(O93<60000,"Low (<60k)",O93<100000,"Mid (60-100k)",TRUE,"High (100k+)") | W93: =IF(M93="No","Attrited","Active")
A94: E00093 | B94: Female | C94: 31 | D94: Married | E94: Bachelor | F94: IT | G94: IT Support | H94: 2 | I94: Remote | J94: Full-Time | K94: 44565 | M94: Yes | O94: 160500 | P94: 5 | Q94: 4 | R94: 7 | S94: 48 | T94: 11 | U94: =IFS(C94<30,"Under 30",C94<40,"30-39",C94<50,"40-49",TRUE,"50+") | V94: =IFS(O94<60000,"Low (<60k)",O94<100000,"Mid (60-100k)",TRUE,"High (100k+)") | W94: =IF(M94="No","Attrited","Active")
A95: E00094 | B95: Male | C95: 36 | D95: Divorced | E95: PhD | F95: Sales | G95: Business Development | H95: 5 | I95: Hyderabad | J95: Full-Time | K95: 44809 | M95: Yes | O95: 129000 | P95: 0 | Q95: 4 | R95: 8 | S95: 40 | T95: 0 | U95: =IFS(C95<30,"Under 30",C95<40,"30-39",C95<50,"40-49",TRUE,"50+") | V95: =IFS(O95<60000,"Low (<60k)",O95<100000,"Mid (60-100k)",TRUE,"High (100k+)") | W95: =IF(M95="No","Attrited","Active")
A96: E00095 | B96: Female | C96: 44 | D96: Married | E96: High School | F96: Customer Support | G96: Support Agent | H96: 6 | I96: Hyderabad | J96: Part-Time | K96: 45741 | L96: 45845 | M96: No | N96: Resigned | O96: 119000 | P96: 10 | Q96: 5 | R96: 6 | S96: 3 | T96: 8 | U96: =IFS(C96<30,"Under 30",C96<40,"30-39",C96<50,"40-49",TRUE,"50+") | V96: =IFS(O96<60000,"Low (<60k)",O96<100000,"Mid (60-100k)",TRUE,"High (100k+)") | W96: =IF(M96="No","Attrited","Active")
A97: E00096 | B97: Female | C97: 26 | D97: Married | E97: Bachelor | F97: Marketing | G97: SEO Specialist | H97: 2 | I97: Mumbai | J97: Contract | K97: 45982 | L97: 45997 | M97: No | N97: Resigned | O97: 97500 | P97: 0 | Q97: 3 | R97: 6 | S97: 1 | T97: 3 | U97: =IFS(C97<30,"Under 30",C97<40,"30-39",C97<50,"40-49",TRUE,"50+") | V97: =IFS(O97<60000,"Low (<60k)",O97<100000,"Mid (60-100k)",TRUE,"High (100k+)") | W97: =IF(M97="No","Attrited","Active")
A98: E00097 | B98: Male | C98: 27 | D98: Married | E98: Diploma | F98: Sales | G98: Account Executive | H98: 1 | I98: Bengaluru | J98: Full-Time | K98: 44917 | M98: Yes | O98: 81000 | P98: 5 | Q98: 5 | R98: 5 | S98: 36 | T98: 4 | U98: =IFS(C98<30,"Under 30",C98<40,"30-39",C98<50,"40-49",TRUE,"50+") | V98: =IFS(O98<60000,"Low (<60k)",O98<100000,"Mid (60-100k)",TRUE,"High (100k+)") | W98: =IF(M98="No","Attrited","Active")
A99: E00098 | B99: Male | C99: 26 | D99: Divorced | E99: High School | F99: Operations | G99: Operations Analyst | H99: 2 | I99: Remote | J99: Full-Time | K99: 44922 | L99: 45000 | M99: No | N99: Resigned | O99: 91000 | P99: 0 | Q99: 4 | R99: 4 | S99: 2 | T99: 10 | U99: =IFS(C99<30,"Under 30",C99<40,"30-39",C99<50,"40-49",TRUE,"50+") | V99: =IFS(O99<60000,"Low (<60k)",O99<100000,"Mid (60-100k)",TRUE,"High (100k+)") | W99: =IF(M99="No","Attrited","Active")
A100: E00099 | B100: Male | C100: 23 | D100: Married | E100: Diploma | F100: Sales | G100: Sales Executive | H100: 1 | I100: Delhi | J100: Full-Time | K100: 45115 | M100: Yes | O100: 68500 | P100: 10 | Q100: 4 | R100: 5 | S100: 30 | T100: 4 | U100: =IFS(C100<30,"Under 30",C100<40,"30-39",C100<50,"40-49",TRUE,"50+") | V100: =IFS(O100<60000,"Low (<60k)",O100<100000,"Mid (60-100k)",TRUE,"High (100k+)") | W100: =IF(M100="No","Attrited","Active")
A101: E00100 | B101: Female | C101: 31 | D101: Married | E101: High School | F101: Operations | G101: Operations Analyst | H101: 1 | I101: Bengaluru | J101: Contract | K101: 45360 | M101: Yes | O101: 59000 | P101: 5 | Q101: 5 | R101: 3 | S101: 22 | T101: 7 | U101: =IFS(C101<30,"Under 30",C101<40,"30-39",C101<50,"40-49",TRUE,"50+") | V101: =IFS(O101<60000,"Low (<60k)",O101<100000,"Mid (60-100k)",TRUE,"High (100k+)") | W101: =IF(M101="No","Attrited","Active")
A102: E00101 | B102: Male | C102: 25 | D102: Divorced | E102: Bachelor | F102: IT | G102: Software Engineer | H102: 1 | I102: Mumbai | J102: Full-Time | K102: 45472 | L102: 45563 | M102: No | N102: Resigned | O102: 102000 | P102: 5 | Q102: 2 | R102: 2 | S102: 3 | T102: 4 | U102: =IFS(C102<30,"Under 30",C102<40,"30-39",C102<50,"40-49",TRUE,"50+") | V102: =IFS(O102<60000,"Low (<60k)",O102<100000,"Mid (60-100k)",TRUE,"High (100k+)") | W102: =IF(M102="No","Attrited","Active")
A103: E00102 | B103: Male | C103: 41 | D103: Married | E103: High School | F103: IT | G103: IT Support | H103: 7 | I103: Chennai | J103: Part-Time | K103: 45428 | M103: Yes | O103: 185500 | P103: 0 | Q103: 4 | R103: 5 | S103: 19 | T103: 10 | U103: =IFS(C103<30,"Under 30",C103<40,"30-39",C103<50,"40-49",TRUE,"50+") | V103: =IFS(O103<60000,"Low (<60k)",O103<100000,"Mid (60-100k)",TRUE,"High (100k+)") | W103: =IF(M103="No","Attrited","Active")
...

Sheet Insights
A1: 1) Headcount and attrition rate by department
A2: Department | B2: Headcount | C2: Avg Salary | D2: Attrited | E2: Attrition Rate
A3: Executive | B3: =COUNTIF('Clean Data'!$F$2:$F$3001,A3) | C3: =IF(B3=0,0,ROUND(AVERAGEIFS('Clean Data'!$O$2:$O$3001,'Clean Data'!$F$2:$F$3001,A3),0)) | D3: =COUNTIFS('Clean Data'!$F$2:$F$3001,A3,'Clean Data'!$M$2:$M$3001,"No") | E3: =IF(B3=0,0,D3/B3)
A4: Finance | B4: =COUNTIF('Clean Data'!$F$2:$F$3001,A4) | C4: =IF(B4=0,0,ROUND(AVERAGEIFS('Clean Data'!$O$2:$O$3001,'Clean Data'!$F$2:$F$3001,A4),0)) | D4: =COUNTIFS('Clean Data'!$F$2:$F$3001,A4,'Clean Data'!$M$2:$M$3001,"No") | E4: =IF(B4=0,0,D4/B4)
A5: Human Resources | B5: =COUNTIF('Clean Data'!$F$2:$F$3001,A5) | C5: =IF(B5=0,0,ROUND(AVERAGEIFS('Clean Data'!$O$2:$O$3001,'Clean Data'!$F$2:$F$3001,A5),0)) | D5: =COUNTIFS('Clean Data'!$F$2:$F$3001,A5,'Clean Data'!$M$2:$M$3001,"No") | E5: =IF(B5=0,0,D5/B5)
A6: IT | B6: =COUNTIF('Clean Data'!$F$2:$F$3001,A6) | C6: =IF(B6=0,0,ROUND(AVERAGEIFS('Clean Data'!$O$2:$O$3001,'Clean Data'!$F$2:$F$3001,A6),0)) | D6: =COUNTIFS('Clean Data'!$F$2:$F$3001,A6,'Clean Data'!$M$2:$M$3001,"No") | E6: =IF(B6=0,0,D6/B6)
A7: Operations | B7: =COUNTIF('Clean Data'!$F$2:$F$3001,A7) | C7: =IF(B7=0,0,ROUND(AVERAGEIFS('Clean Data'!$O$2:$O$3001,'Clean Data'!$F$2:$F$3001,A7),0)) | D7: =COUNTIFS('Clean Data'!$F$2:$F$3001,A7,'Clean Data'!$M$2:$M$3001,"No") | E7: =IF(B7=0,0,D7/B7)
A8: Marketing | B8: =COUNTIF('Clean Data'!$F$2:$F$3001,A8) | C8: =IF(B8=0,0,ROUND(AVERAGEIFS('Clean Data'!$O$2:$O$3001,'Clean Data'!$F$2:$F$3001,A8),0)) | D8: =COUNTIFS('Clean Data'!$F$2:$F$3001,A8,'Clean Data'!$M$2:$M$3001,"No") | E8: =IF(B8=0,0,D8/B8)
A9: Sales | B9: =COUNTIF('Clean Data'!$F$2:$F$3001,A9) | C9: =IF(B9=0,0,ROUND(AVERAGEIFS('Clean Data'!$O$2:$O$3001,'Clean Data'!$F$2:$F$3001,A9),0)) | D9: =COUNTIFS('Clean Data'!$F$2:$F$3001,A9,'Clean Data'!$M$2:$M$3001,"No") | E9: =IF(B9=0,0,D9/B9)
A10: Customer Support | B10: =COUNTIF('Clean Data'!$F$2:$F$3001,A10) | C10: =IF(B10=0,0,ROUND(AVERAGEIFS('Clean Data'!$O$2:$O$3001,'Clean Data'!$F$2:$F$3001,A10),0)) | D10: =COUNTIFS('Clean Data'!$F$2:$F$3001,A10,'Clean Data'!$M$2:$M$3001,"No") | E10: =IF(B10=0,0,D10/B10)
A11: Research & Development | B11: =COUNTIF('Clean Data'!$F$2:$F$3001,A11) | C11: =IF(B11=0,0,ROUND(AVERAGEIFS('Clean Data'!$O$2:$O$3001,'Clean Data'!$F$2:$F$3001,A11),0)) | D11: =COUNTIFS('Clean Data'!$F$2:$F$3001,A11,'Clean Data'!$M$2:$M$3001,"No") | E11: =IF(B11=0,0,D11/B11)
A12: Total | B12: =SUM(B3:B11) | C12: =ROUND(AVERAGE('Clean Data'!$O$2:$O$3001),0) | D12: =SUM(D3:D11) | E12: =IF(B12=0,0,D12/B12)
A14: 2) Average salary by gender and job level (pay-gap snapshot)
A15: Job Level | B15: Female | C15: Male | D15: Pay Gap (M vs F)
A16: Level 1 | B16: =ROUND(AVERAGEIFS('Clean Data'!$O$2:$O$3001,'Clean Data'!$H$2:$H$3001,"Level 1",'Clean Data'!$B$2:$B$3001,"Female"),0) | C16: =ROUND(AVERAGEIFS('Clean Data'!$O$2:$O$3001,'Clean Data'!$H$2:$H$3001,"Level 1",'Clean Data'!$B$2:$B$3001,"Male"),0) | D16: =IF(B16=0,0,(C16-B16)/B16)
A17: Level 2 | B17: =ROUND(AVERAGEIFS('Clean Data'!$O$2:$O$3001,'Clean Data'!$H$2:$H$3001,"Level 2",'Clean Data'!$B$2:$B$3001,"Female"),0) | C17: =ROUND(AVERAGEIFS('Clean Data'!$O$2:$O$3001,'Clean Data'!$H$2:$H$3001,"Level 2",'Clean Data'!$B$2:$B$3001,"Male"),0) | D17: =IF(B17=0,0,(C17-B17)/B17)
A18: Level 3 | B18: =ROUND(AVERAGEIFS('Clean Data'!$O$2:$O$3001,'Clean Data'!$H$2:$H$3001,"Level 3",'Clean Data'!$B$2:$B$3001,"Female"),0) | C18: =ROUND(AVERAGEIFS('Clean Data'!$O$2:$O$3001,'Clean Data'!$H$2:$H$3001,"Level 3",'Clean Data'!$B$2:$B$3001,"Male"),0) | D18: =IF(B18=0,0,(C18-B18)/B18)
A19: Level 4 | B19: =ROUND(AVERAGEIFS('Clean Data'!$O$2:$O$3001,'Clean Data'!$H$2:$H$3001,"Level 4",'Clean Data'!$B$2:$B$3001,"Female"),0) | C19: =ROUND(AVERAGEIFS('Clean Data'!$O$2:$O$3001,'Clean Data'!$H$2:$H$3001,"Level 4",'Clean Data'!$B$2:$B$3001,"Male"),0) | D19: =IF(B19=0,0,(C19-B19)/B19)
A20: Level 5 | B20: =ROUND(AVERAGEIFS('Clean Data'!$O$2:$O$3001,'Clean Data'!$H$2:$H$3001,"Level 5",'Clean Data'!$B$2:$B$3001,"Female"),0) | C20: =ROUND(AVERAGEIFS('Clean Data'!$O$2:$O$3001,'Clean Data'!$H$2:$H$3001,"Level 5",'Clean Data'!$B$2:$B$3001,"Male"),0) | D20: =IF(B20=0,0,(C20-B20)/B20)
A21: Level 6 | B21: =ROUND(AVERAGEIFS('Clean Data'!$O$2:$O$3001,'Clean Data'!$H$2:$H$3001,"Level 6",'Clean Data'!$B$2:$B$3001,"Female"),0) | C21: =ROUND(AVERAGEIFS('Clean Data'!$O$2:$O$3001,'Clean Data'!$H$2:$H$3001,"Level 6",'Clean Data'!$B$2:$B$3001,"Male"),0) | D21: =IF(B21=0,0,(C21-B21)/B21)
A22: Level 7 | B22: =ROUND(AVERAGEIFS('Clean Data'!$O$2:$O$3001,'Clean Data'!$H$2:$H$3001,"Level 7",'Clean Data'!$B$2:$B$3001,"Female"),0) | C22: =ROUND(AVERAGEIFS('Clean Data'!$O$2:$O$3001,'Clean Data'!$H$2:$H$3001,"Level 7",'Clean Data'!$B$2:$B$3001,"Male"),0) | D22: =IF(B22=0,0,(C22-B22)/B22)
A25: 3) Hiring trend by year
A26: Year | B26: Hires
A27: 2020 | B27: =COUNTIFS('Clean Data'!$K$2:$K$3001,">="&DATE(2020,1,1),'Clean Data'!$K$2:$K$3001,"<="&DATE(2020,12,31))
A28: 2021 | B28: =COUNTIFS('Clean Data'!$K$2:$K$3001,">="&DATE(2021,1,1),'Clean Data'!$K$2:$K$3001,"<="&DATE(2021,12,31))
A29: 2022 | B29: =COUNTIFS('Clean Data'!$K$2:$K$3001,">="&DATE(2022,1,1),'Clean Data'!$K$2:$K$3001,"<="&DATE(2022,12,31))
A30: 2023 | B30: =COUNTIFS('Clean Data'!$K$2:$K$3001,">="&DATE(2023,1,1),'Clean Data'!$K$2:$K$3001,"<="&DATE(2023,12,31))
A31: 2024 | B31: =COUNTIFS('Clean Data'!$K$2:$K$3001,">="&DATE(2024,1,1),'Clean Data'!$K$2:$K$3001,"<="&DATE(2024,12,31))
A32: 2025 | B32: =COUNTIFS('Clean Data'!$K$2:$K$3001,">="&DATE(2025,1,1),'Clean Data'!$K$2:$K$3001,"<="&DATE(2025,12,31))
A36: 4) Departures by exit reason
A37: Exit Reason | B37: Count
A38: Resigned | B38: =COUNTIF('Clean Data'!$N$2:$N$3001,A38)
A39: Retirement | B39: =COUNTIF('Clean Data'!$N$2:$N$3001,A39)
A40: Performance / Termination | B40: =COUNTIF('Clean Data'!$N$2:$N$3001,A40)
A41: Layoff | B41: =COUNTIF('Clean Data'!$N$2:$N$3001,A41)
A42: Relocation | B42: =COUNTIF('Clean Data'!$N$2:$N$3001,A42)

Sheet Dashboard
A1: HR WORKFORCE DASHBOARD
A2: Snapshot: 31-Dec-2025 | Synthetic HR data | Built in Excel, Power BI-ready
A4: TOTAL HEADCOUNT | C4: ACTIVE EMPLOYEES | E4: ATTRITION RATE | G4: AVG SALARY (USD) | I4: AVG TENURE (MONTHS) | K4: AVG SATISFACTION (/10)
A5: =COUNTA('Clean Data'!$A$2:$A$3001) | C5: =COUNTIF('Clean Data'!$M$2:$M$3001,"Yes") | E5: =1-COUNTIF('Clean Data'!$M$2:$M$3001,"Yes")/COUNTA('Clean Data'!$A$2:$A$3001) | G5: =ROUND(AVERAGE('Clean Data'!$O$2:$O$3001),0) | I5: =ROUND(AVERAGE('Clean Data'!$S$2:$S$3001),1) | K5: =ROUND(AVERAGE('Clean Data'!$R$2:$R$3001),1)
A8: Workforce snapshots (live formulas, see Insights)
A22: KEY FINDINGS & RECOMMENDATIONS
A23: * Headcount 3000 (active 2381, attrition 20.6%).
A24: * Attrition skews to Sales, Customer Support and Operations - review comp and workload there.
A25: * Exits concentrate in short tenures (<18 months) and junior levels - strengthen onboarding.
A26: * Run the pay-gap table (Insights sheet) each quarter; flag any level where gap > 10%.
A27: * Use exit-reason trend (Insights) to target retention: e.g. offer flexibility to reduce 'Relocation'.
